#VRML V2.0 utf8
# 3D model generated by easyeda2kicad.py (https://github.com/uPesy/easyeda2kicad.py)

Shape{
    appearance Appearance {
        material  Material 	{
            diffuseColor 0.25098039215686274 0.25098039215686274 0.25098039215686274
            specularColor 0.2196078431372549 0.2196078431372549 0.2196078431372549
            ambientIntensity 0.251
            transparency 0.0
            shininess 0.5
        }
    }
    geometry IndexedFaceSet {
        ccw TRUE
        solid FALSE
        coord DEF co Coordinate {
            point [
                0.1186 -0.4921 0.2434, 0.1169 -0.4921 0.2432, 0.1331 -0.4921 0.2432, 0.0676 -0.4921 0.4163, 0.0727 -0.4921 0.4169, 0.0461 -0.4921 0.4169, 0.0848 -0.4921 0.3495, 0.0805 -0.4921 0.3491, 0.1026 -0.4921 0.3491, -0.0784 -0.4921 0.3633, -0.0659 -0.4921 0.3522, -0.0221 -0.4921 0.4169, -0.0221 -0.4921 0.3491, -0.1431 -0.4921 0.4238, -0.1329 -0.4921 0.4169, -0.122 -0.4921 0.4096, -0.1064 -0.4921 0.3917, -0.0964 -0.4921 0.3721, -0.0924 -0.4921 0.3707, -0.7075 -0.4921 0.9843, -0.7075 -0.4921 0.4169, -0.2416 -0.4921 0.4169, -0.2319 -0.4921 0.4229, -0.21 -0.4921 0.4314, -0.0221 -0.4921 0.9843, -0.1865 -0.4921 0.4343, -0.167 -0.4921 0.4322, -0.5709 -0.4921 0.3491, -0.3453 -0.4921 0.3491, -0.5709 -0.4921 0.3715, -0.3413 -0.4921 0.3583, -0.3298 -0.4921 0.3731, -0.8071 -0.4921 0.3715, -0.7075 -0.4921 0.3715, -0.294 -0.4921 0.3935, -0.2434 -0.4921 0.4158, -0.2752 -0.4921 0.3958, -0.2546 -0.4921 0.4062, -0.2698 -0.4921 0.3955, -0.2643 -0.4921 0.3949, -0.3266 -0.4921 0.3761, -0.3116 -0.4921 0.3867, -0.3174 -0.4921 0.2547, -0.3322 -0.4921 0.2673, -0.5709 -0.4921 0.2432, -0.3003 -0.4921 0.2463, -0.3429 -0.4921 0.2826, -0.3497 -0.4921 0.3003, -0.5709 -0.4921 0.3295, -0.3521 -0.4921 0.319, -0.3519 -0.4921 0.3234, -0.3509 -0.4921 0.3295, -0.3488 -0.4921 0.3412, -0.5709 -0.4921 0.2168, -0.2687 -0.4921 0.2168, -0.2731 -0.4921 0.2187, -0.2942 -0.4921 0.2445, -0.2936 -0.4921 0.2432, -0.2895 -0.4921 0.2344, -0.2824 -0.4921 0.2257, -0.5709 -0.4921 0.1181, -0.4724 -0.4921 0.1181, -0.2165 -0.4921 0.1181, -0.4724 -0.4921 0.0394, -0.2165 -0.4921 0.0394, -0.2377 -0.4921 0.2137, -0.2491 -0.4921 0.2123, -0.251 -0.4921 0.2123, -0.2622 -0.4921 0.214, -0.2047 -0.4921 0.2432, -0.2047 -0.4921 0.2431, -0.0221 -0.4921 0.2168, -0.2103 -0.4921 0.2326, -0.2176 -0.4921 0.2243, -0.2271 -0.4921 0.2177, -0.2295 -0.4921 0.2168, -0.2136 -0.4921 0.2915, -0.15 -0.4921 0.3247, -0.2218 -0.4921 0.299, -0.2319 -0.4921 0.3044, -0.1396 -0.4921 0.2437, -0.1428 -0.4921 0.2447, -0.1461 -0.4921 0.2466, -0.1484 -0.4921 0.2488, -0.079 -0.4921 0.3136, -0.0812 -0.4921 0.3227, -0.0849 -0.4921 0.3295, -0.321 -0.4921 0.3295, -0.1467 -0.4921 0.2695, -0.1437 -0.4921 0.2714, -0.1353 -0.4921 0.2995, -0.1404 -0.4921 0.2726, -0.0585 -0.4921 0.2764, -0.067 -0.4921 0.2649, -0.0221 -0.4921 0.2432, -0.0689 -0.4921 0.2629, -0.0815 -0.4921 0.253, -0.3183 -0.4921 0.3011, -0.3125 -0.4921 0.2914, -0.2885 -0.4921 0.2865, -0.304 -0.4921 0.2826, -0.2937 -0.4921 0.2763, -0.2709 -0.4921 0.3022, -0.2806 -0.4921 0.2955, -0.3222 -0.4921 0.3199, -0.3216 -0.4921 0.3127, -0.0512 -0.4921 0.3238, -0.0494 -0.4921 0.31, -0.0221 -0.4921 0.3295, -0.0495 -0.4921 0.3067, -0.0521 -0.4921 0.2912, -0.0961 -0.4921 0.2463, -0.1101 -0.4921 0.2436, -0.1381 -0.4921 0.2436, -0.1519 -0.4921 0.2583, -0.1518 -0.4921 0.2598, -0.2017 -0.4921 0.2644, -0.1509 -0.4921 0.2635, -0.1492 -0.4921 0.2667, -0.2604 -0.4921 0.3062, -0.2491 -0.4921 0.3076, -0.2433 -0.4921 0.3073, -0.1504 -0.4921 0.2519, -0.1515 -0.4921 0.2551, -0.2019 -0.4921 0.2549, -0.2017 -0.4921 0.2597, -0.1372 -0.4921 0.273, -0.1367 -0.4921 0.2729, -0.1353 -0.4921 0.2726, -0.0884 -0.4921 0.2844, -0.0832 -0.4921 0.2918, -0.08 -0.4921 0.3003, -0.0788 -0.4921 0.3095, -0.1343 -0.4921 0.2725, -0.113 -0.4921 0.2725, -0.1045 -0.4921 0.2741, -0.0962 -0.4921 0.278, -0.0891 -0.4921 0.2837, -0.1201 -0.4921 0.3491, -0.3118 -0.4921 0.3491, -0.1196 -0.4921 0.3465, -0.3167 -0.4921 0.342, -0.3208 -0.4921 0.3314, -0.1158 -0.4921 0.3465, -0.0856 -0.4921 0.3309, -0.0912 -0.4921 0.3371, -0.0985 -0.4921 0.3422, -0.1068 -0.4921 0.3454, -0.2531 -0.4921 0.3622, -0.2496 -0.4921 0.3603, -0.2435 -0.4921 0.3734, -0.1433 -0.4921 0.3902, -0.1208 -0.4921 0.3537, -0.1362 -0.4921 0.3834, -0.1267 -0.4921 0.3696, -0.186 -0.4921 0.4058, -0.1892 -0.4921 0.4057, -0.205 -0.4921 0.4031, -0.2638 -0.4921 0.366, -0.2747 -0.4921 0.3674, -0.2796 -0.4921 0.3671, -0.1569 -0.4921 0.399, -0.1719 -0.4921 0.4043, -0.2203 -0.4921 0.3965, -0.2333 -0.4921 0.3865, -0.2913 -0.4921 0.3644, -0.3019 -0.4921 0.3588, -0.3102 -0.4921 0.3514, -0.0638 -0.4921 0.3491, -0.0566 -0.4921 0.3384, -0.0533 -0.4921 0.3295, 0.2567 -0.4921 0.3679, 0.2322 -0.4921 0.3679, 0.2635 -0.4921 0.3496, 0.2322 -0.4921 0.3491, 0.273 -0.4921 0.3496, 0.5709 -0.4921 0.3491, 0.2476 -0.4921 0.4164, 0.5709 -0.4921 0.3715, 0.8071 -0.4921 0.3715, 0.2289 -0.4921 0.3679, 0.2225 -0.4921 0.3496, 0.2111 -0.4921 0.3491, 0.213 -0.4921 0.3496, 0.2111 -0.4921 0.4169, 0.2322 -0.4921 0.4001, 0.2322 -0.4921 0.4169, 0.1331 -0.4921 0.3797, 0.1151 -0.4921 0.3797, 0.1331 -0.4921 0.3573, 0.1151 -0.4921 0.3573, 0.1487 -0.4921 0.4169, 0.1331 -0.4921 0.4169, 0.1408 -0.4921 0.4164, 0.1331 -0.4921 0.4164, 0.1408 -0.4921 0.4087, 0.1424 -0.4921 0.3573, 0.1487 -0.4921 0.3491, 0.1424 -0.4921 0.3496, 0.1331 -0.4921 0.3491, 0.1389 -0.4921 0.3797, 0.1389 -0.4921 0.3873, 0.1331 -0.4921 0.3873, 0.1331 -0.4921 0.4087, 0.1151 -0.4921 0.4087, 0.1151 -0.4921 0.3873, 0.1065 -0.4921 0.4164, 0.1026 -0.4921 0.4169, 0.1065 -0.4921 0.3496, 0.0931 -0.4921 0.4148, 0.0862 -0.4921 0.4168, 0.0844 -0.4921 0.4169, 0.1331 -0.4921 0.3496, 0.0931 -0.4921 0.4058, 0.092 -0.4921 0.3518, 0.079 -0.4921 0.3563, 0.0866 -0.4921 0.3577, 0.0931 -0.4921 0.3607, 0.0931 -0.4921 0.3524, 0.0555 -0.4921 0.3677, 0.0587 -0.4921 0.3632, 0.06 -0.4921 0.362, 0.0644 -0.4921 0.3589, 0.0691 -0.4921 0.357, 0.0759 -0.4921 0.3562, 0.0856 -0.4921 0.4087, 0.0584 -0.4921 0.4014, 0.0924 -0.4921 0.4062, 0.0552 -0.4921 0.3966, 0.0531 -0.4921 0.3907, 0.0774 -0.4921 0.4097, 0.0748 -0.4921 0.4096, 0.0592 -0.4921 0.4023, 0.069 -0.4921 0.4085, 0.0638 -0.4921 0.4061, 0.0522 -0.4921 0.3823, 0.0523 -0.4921 0.3798, 0.0533 -0.4921 0.3731, 0.0461 -0.4921 0.9843, 0.0773 -0.4921 0.4175, 0.1026 -0.4921 0.9843, 0.0775 -0.4921 0.4175, 0.048 -0.4921 0.4013, 0.0528 -0.4921 0.4077, 0.0544 -0.4921 0.4092, 0.0606 -0.4921 0.4136, 0.0461 -0.4921 0.3665, 0.0442 -0.4921 0.3718, 0.0421 -0.4921 0.3491, 0.0432 -0.4921 0.3817, 0.0433 -0.4921 0.3852, 0.0421 -0.4921 0.4169, 0.0448 -0.4921 0.3939, 0.0461 -0.4921 0.3971, 0.0571 -0.4921 0.3532, 0.0517 -0.4921 0.3576, 0.0461 -0.4921 0.3491, 0.0507 -0.4921 0.3588, 0.0468 -0.4921 0.3646, 0.0746 -0.4921 0.3485, 0.0706 -0.4921 0.3487, 0.0461 -0.4921 0.3295, 0.0688 -0.4921 0.3491, 0.0634 -0.4921 0.3502, 1.063 -0.4921 0.4169, 1.063 -0.4921 0.8661, 0.8661 -0.4921 0.8661, 0.2384 -0.4921 0.4164, 1.063 -0.4921 0.3491, 0.8071 -0.4921 0.3491, 1.063 -0.4921 0.3295, 0.8071 -0.4921 0.3295, 1.063 -0.4921 0.2432, 0.8071 -0.4921 0.2432, 1.063 -0.4921 0.2168, 0.8071 -0.4921 0.2168, 1.063 -0.4921 0.1181, 0.8071 -0.4921 0.1181, 0.2322 -0.4921 0.3295, 0.322 -0.4921 0.3105, 0.3312 -0.4921 0.3105, 0.2385 -0.4921 0.3105, 0.2385 -0.4921 0.2438, 0.2322 -0.4921 0.2432, 0.2569 -0.4921 0.2438, 0.3471 -0.4921 0.2438, 0.3566 -0.4921 0.2438, 0.5709 -0.4921 0.2432, 0.5709 -0.4921 0.3295, 0.3403 -0.4921 0.262, 0.3125 -0.4921 0.262, 0.3061 -0.4921 0.2438, 0.2965 -0.4921 0.2438, 0.2878 -0.4921 0.2591, 0.2828 -0.4921 0.2531, 0.2759 -0.4921 0.2482, 0.2683 -0.4921 0.2452, 0.2828 -0.4921 0.3017, 0.2851 -0.4921 0.2995, 0.2892 -0.4921 0.2937, 0.2917 -0.4921 0.2873, 0.2576 -0.4921 0.3105, 0.2677 -0.4921 0.3094, 0.2758 -0.4921 0.3065, 0.2928 -0.4921 0.278, 0.2926 -0.4921 0.2738, 0.291 -0.4921 0.266, 0.5709 -0.4921 0.1181, 0.5709 -0.4921 0.2168, 0.4724 -0.4921 0.1181, 0.2322 -0.4921 0.2168, 0.4724 -0.4921 0.0394, 0.2111 -0.4921 0.1181, 0.2165 -0.4921 0.1181, 0.2322 -0.4921 0.0394, 0.2165 -0.4921 0.0394, 0.2111 -0.4921 0.2168, 0.1855 -0.4921 0.2168, 0.1855 -0.4921 0.1181, 0.1487 -0.4921 0.2168, 0.1487 -0.4921 0.1181, 0.1331 -0.4921 0.2168, 0.1331 -0.4921 0.1181, 0.1026 -0.4921 0.2168, 0.1026 -0.4921 0.1181, -0.0221 -0.4921 0.1181, 0.0421 -0.4921 0.1181, 0.0421 -0.4921 0.2168, 0.0461 -0.4921 0.1181, 0.0461 -0.4921 0.2168, -1.063 -0.4921 0.1181, -0.8071 -0.4921 0.1181, -1.063 -0.4921 0.2168, -0.8071 -0.4921 0.2168, -1.063 -0.4921 0.2432, -0.8071 -0.4921 0.2432, -1.063 -0.4921 0.3295, -0.8071 -0.4921 0.3295, -1.063 -0.4921 0.3491, -0.8071 -0.4921 0.3491, -1.063 -0.4921 0.4169, 0.2075 -0.4921 0.3718, 0.2042 -0.4921 0.3649, 0.1855 -0.4921 0.4169, 0.1855 -0.4921 0.4148, 0.1922 -0.4921 0.4123, 0.1855 -0.4921 0.3514, 0.1855 -0.4921 0.3491, 0.1924 -0.4921 0.3541, 0.1992 -0.4921 0.359, 0.1992 -0.4921 0.4075, 0.2015 -0.4921 0.4053, 0.2057 -0.4921 0.3995, 0.2081 -0.4921 0.3932, 0.2093 -0.4921 0.3839, 0.2091 -0.4921 0.3796, 0.174 -0.4921 0.4164, 0.1842 -0.4921 0.4152, 0.1848 -0.4921 0.3511, 0.1733 -0.4921 0.3496, 0.155 -0.4921 0.3496, 0.155 -0.4921 0.4164, 0.0525 -0.4921 0.2665, 0.0538 -0.4921 0.28, 0.0508 -0.4921 0.2641, 0.0497 -0.4921 0.2612, 0.0589 -0.4921 0.2433, 0.0558 -0.4921 0.2446, 0.0461 -0.4921 0.2432, 0.0616 -0.4921 0.2915, 0.0554 -0.4921 0.2891, 0.0538 -0.4921 0.2881, 0.0791 -0.4921 0.2512, 0.0788 -0.4921 0.2512, 0.0791 -0.4921 0.2438, 0.0769 -0.4921 0.2484, 0.0505 -0.4921 0.25, 0.0495 -0.4921 0.2529, 0.0551 -0.4921 0.2687, 0.0586 -0.4921 0.2705, 0.0596 -0.4921 0.2836, 0.0649 -0.4921 0.2721, 0.0648 -0.4921 0.2853, 0.0742 -0.4921 0.2458, 0.0722 -0.4921 0.2445, 0.0689 -0.4921 0.2432, 0.0532 -0.4921 0.2464, 0.052 -0.4921 0.2477, 0.0791 -0.4921 0.2741, 0.0788 -0.4921 0.2773, 0.078 -0.4921 0.2805, 0.0702 -0.4921 0.2925, 0.0751 -0.4921 0.2921, 0.0787 -0.4921 0.291, 0.0771 -0.4921 0.2823, 0.0759 -0.4921 0.2837, 0.0744 -0.4921 0.2847, 0.0726 -0.4921 0.2854, 0.0694 -0.4921 0.2858, 0.0491 -0.4921 0.2566, 0.0491 -0.4921 0.2575, 0.1001 -0.4921 0.2842, 0.0837 -0.4921 0.2873, 0.0991 -0.4921 0.2815, 0.0854 -0.4921 0.2847, 0.0867 -0.4921 0.2809, 0.1026 -0.4921 0.3295, 0.1016 -0.4921 0.2865, 0.0815 -0.4921 0.2895, 0.1025 -0.4921 0.2696, 0.0987 -0.4921 0.2541, 0.1026 -0.4921 0.2696, 0.1017 -0.4921 0.2522, 0.1026 -0.4921 0.2519, 0.1012 -0.4921 0.2711, 0.1001 -0.4921 0.2727, 0.0874 -0.4921 0.2745, 0.0992 -0.4921 0.2753, 0.0988 -0.4921 0.2786, 0.0689 -0.4921 0.2432, 0.0642 -0.4921 0.2427, 0.0628 -0.4921 0.2427, 0.0596 -0.4921 0.2432, 0.0987 -0.4921 0.2455, 0.0874 -0.4921 0.2438, 0.1026 -0.4921 0.2441, 0.1026 -0.4921 0.2432, 0.1046 -0.4921 0.2434, 0.1063 -0.4921 0.2432, 0.1117 -0.4921 0.2427, 0.1286 -0.4921 0.2904, 0.1286 -0.4921 0.2823, 0.1306 -0.4921 0.2535, 0.1296 -0.4921 0.2508, 0.128 -0.4921 0.2486, 0.1026 -0.4921 0.2874, 0.1042 -0.4921 0.2888, 0.1062 -0.4921 0.29, 0.1281 -0.4921 0.2646, 0.1296 -0.4921 0.2624, 0.1306 -0.4921 0.26, 0.1309 -0.4921 0.2568, 0.1106 -0.4921 0.2917, 0.1174 -0.4921 0.2925, 0.1331 -0.4921 0.3295, 0.1232 -0.4921 0.292, 0.1256 -0.4921 0.2465, 0.1232 -0.4921 0.245, 0.1165 -0.4921 0.2858, 0.1141 -0.4921 0.2856, 0.1074 -0.4921 0.2793, 0.1118 -0.4921 0.285, 0.1099 -0.4921 0.284, 0.1075 -0.4921 0.2782, 0.1078 -0.4921 0.2769, 0.1084 -0.4921 0.2758, 0.1092 -0.4921 0.2749, 0.1122 -0.4921 0.2731, 0.1224 -0.4921 0.285, 0.1174 -0.4921 0.2708, 0.1271 -0.4921 0.2832, 0.1206 -0.4921 0.2695, 0.1261 -0.4921 0.2664, 0.1087 -0.4921 0.2829, 0.108 -0.4921 0.2818, 0.1076 -0.4921 0.2807, 0.107 -0.4921 0.2502, 0.1115 -0.4921 0.2647, 0.1065 -0.4921 0.267, 0.1125 -0.4921 0.2495, 0.1129 -0.4921 0.2495, 0.1169 -0.4921 0.2624, 0.1171 -0.4921 0.25, 0.1223 -0.4921 0.2559, 0.1223 -0.4921 0.257, 0.1193 -0.4921 0.2508, 0.1201 -0.4921 0.2512, 0.121 -0.4921 0.2521, 0.1218 -0.4921 0.2532, 0.1222 -0.4921 0.2543, 0.1219 -0.4921 0.2583, 0.1212 -0.4921 0.2594, 0.1202 -0.4921 0.2605, 0.1724 -0.4921 0.2914, 0.181 -0.4921 0.2914, 0.1855 -0.4921 0.3295, 0.1571 -0.4921 0.2556, 0.1581 -0.4921 0.2517, 0.1583 -0.4921 0.2517, 0.1487 -0.4921 0.3295, 0.1487 -0.4921 0.2798, 0.1593 -0.4921 0.2556, 0.1587 -0.4921 0.2533, 0.1487 -0.4921 0.2432, 0.1487 -0.4921 0.2574, 0.1353 -0.4921 0.2914, 0.1446 -0.4921 0.2914, 0.154 -0.4921 0.2439, 0.1537 -0.4921 0.2432, 0.1503 -0.4921 0.2352, 0.137 -0.4921 0.222, 0.137 -0.4921 0.2295, 0.1388 -0.4921 0.2289, 0.1417 -0.4921 0.2285, 0.1422 -0.4921 0.2285, 0.1441 -0.4921 0.2288, 0.1459 -0.4921 0.2296, 0.147 -0.4921 0.2304, 0.1486 -0.4921 0.2321, 0.1487 -0.4921 0.2323, 0.1487 -0.4921 0.2228, 0.1457 -0.4921 0.2217, 0.1424 -0.4921 0.2213, 0.1395 -0.4921 0.2215, 0.1594 -0.4921 0.2366, 0.1557 -0.4921 0.2294, 0.162 -0.4921 0.2432, 0.1526 -0.4921 0.2256, 0.152 -0.4921 0.225, 0.149 -0.4921 0.223, 0.2111 -0.4921 0.2738, 0.1986 -0.4921 0.2738, 0.2111 -0.4921 0.2514, 0.1986 -0.4921 0.2514, 0.2244 -0.4921 0.3105, 0.2244 -0.4921 0.3028, 0.2259 -0.4921 0.2514, 0.2259 -0.4921 0.2438, 0.2111 -0.4921 0.2432, 0.2225 -0.4921 0.2738, 0.2225 -0.4921 0.2815, 0.2111 -0.4921 0.2815, 0.2111 -0.4921 0.3028, 0.1986 -0.4921 0.3028, 0.1986 -0.4921 0.2815, 0.2111 -0.4921 0.2438, 0.19 -0.4921 0.2438, 0.1855 -0.4921 0.2432, 0.19 -0.4921 0.3105, 0.2111 -0.4921 0.3105, 0.2111 -0.4921 0.3295, 0.1331 -0.4921 0.9843, 0.1487 -0.4921 0.9843, 0.1855 -0.4921 0.9843, 0.2111 -0.4921 0.9843, 0.2322 -0.4921 0.9843, 0.8661 -0.4921 0.9843, 0.0421 -0.4921 0.9843, -1.063 -0.4921 0.9843, 0.0404 -0.4921 0.3573, 0.0404 -0.4921 0.3496, 0.0052 -0.4921 0.3496, 0.0052 -0.4921 0.4164, 0.0139 -0.4921 0.4164, 0.0139 -0.4921 0.3573, 0.0421 -0.4921 0.3295, 0.0421 -0.4921 0.2432, 0.0052 -0.4921 0.2438, 0.0411 -0.4921 0.2438, 0.0411 -0.4921 0.2514, 0.0396 -0.4921 0.3028, 0.0052 -0.4921 0.3105, 0.0396 -0.4921 0.3105, 0.0139 -0.4921 0.2738, 0.0139 -0.4921 0.2514, 0.0377 -0.4921 0.2738, 0.0377 -0.4921 0.2815, 0.0139 -0.4921 0.2815, 0.0139 -0.4921 0.3028
            ]
        }
        coordIndex [
            0,1,2,-1,3,4,5,-1,6,7,8,-1,9,10,11,-1,11,10,12,-1,13,14,11,-1,11,14,15,-1,11,15,16,-1,16,17,11,-1,11,17,18,-1,11,18,9,-1,19,20,21,-1,21,22,19,-1,19,22,23,-1,19,23,24,-1,24,23,25,-1,24,25,26,-1,27,28,29,-1,29,28,30,-1,29,30,31,-1,32,33,20,-1,20,33,29,-1,20,29,21,-1,21,29,34,-1,21,34,35,-1,35,34,36,-1,35,36,37,-1,37,36,38,-1,37,38,39,-1,31,40,29,-1,29,40,41,-1,29,41,34,-1,42,43,44,-1,42,44,45,-1,43,46,44,-1,44,46,47,-1,44,47,48,-1,48,47,49,-1,49,50,48,-1,48,50,51,-1,48,51,27,-1,27,51,52,-1,27,52,28,-1,53,54,55,-1,56,45,57,-1,57,45,44,-1,57,44,58,-1,58,44,53,-1,58,53,59,-1,59,53,55,-1,53,60,54,-1,54,60,61,-1,54,61,62,-1,62,61,63,-1,62,63,64,-1,62,65,66,-1,66,67,62,-1,62,67,68,-1,62,68,54,-1,69,70,71,-1,71,70,72,-1,72,73,71,-1,71,73,74,-1,71,74,75,-1,76,77,78,-1,78,77,79,-1,80,81,69,-1,69,81,82,-1,69,82,83,-1,84,85,77,-1,77,85,86,-1,77,86,87,-1,88,89,90,-1,90,89,91,-1,92,93,94,-1,94,93,95,-1,94,95,96,-1,97,98,99,-1,99,98,100,-1,99,100,101,-1,102,87,103,-1,103,87,104,-1,103,104,99,-1,99,104,105,-1,99,105,97,-1,106,107,108,-1,108,107,109,-1,108,109,94,-1,94,109,110,-1,94,110,92,-1,96,111,94,-1,94,111,112,-1,94,112,69,-1,69,112,113,-1,69,113,80,-1,114,115,116,-1,116,115,117,-1,116,117,90,-1,90,117,118,-1,90,118,88,-1,102,119,87,-1,87,119,120,-1,87,120,77,-1,77,120,121,-1,77,121,79,-1,83,122,69,-1,69,122,123,-1,69,123,124,-1,124,123,114,-1,124,114,125,-1,125,114,116,-1,91,126,90,-1,90,126,127,-1,90,127,128,-1,129,130,90,-1,90,130,131,-1,90,131,77,-1,77,131,132,-1,77,132,84,-1,128,133,90,-1,90,133,134,-1,90,134,135,-1,135,136,90,-1,90,136,137,-1,90,137,129,-1,138,139,140,-1,140,139,141,-1,140,141,142,-1,142,87,140,-1,140,87,86,-1,140,86,143,-1,143,86,144,-1,144,145,143,-1,143,145,146,-1,143,146,147,-1,148,139,149,-1,149,139,138,-1,149,138,150,-1,151,152,153,-1,153,152,154,-1,152,155,138,-1,138,155,156,-1,138,156,157,-1,148,158,139,-1,139,158,159,-1,139,159,160,-1,151,161,152,-1,152,161,162,-1,152,162,155,-1,157,163,138,-1,138,163,164,-1,138,164,150,-1,165,166,160,-1,160,166,167,-1,160,167,139,-1,10,168,12,-1,12,168,169,-1,12,169,108,-1,108,169,170,-1,108,170,106,-1,171,172,173,-1,173,172,174,-1,173,174,175,-1,175,174,176,-1,175,176,177,-1,177,176,178,-1,177,178,179,-1,172,180,174,-1,174,180,181,-1,174,181,182,-1,182,181,183,-1,182,183,184,-1,184,183,185,-1,184,185,186,-1,187,188,189,-1,189,188,190,-1,191,192,193,-1,193,192,194,-1,193,195,191,-1,191,195,196,-1,191,196,197,-1,197,196,198,-1,197,198,199,-1,187,189,200,-1,200,189,196,-1,200,196,201,-1,201,196,195,-1,201,195,202,-1,195,203,202,-1,202,203,204,-1,202,204,205,-1,194,192,206,-1,206,192,207,-1,206,207,208,-1,209,207,210,-1,210,207,211,-1,198,212,199,-1,199,212,208,-1,199,208,8,-1,8,208,207,-1,8,207,213,-1,213,207,209,-1,6,8,214,-1,215,216,213,-1,213,216,217,-1,213,217,8,-1,8,217,218,-1,8,218,214,-1,219,220,213,-1,213,220,221,-1,213,221,222,-1,222,223,213,-1,213,223,224,-1,213,224,215,-1,225,226,227,-1,227,226,228,-1,227,228,229,-1,225,230,226,-1,226,230,231,-1,226,231,232,-1,232,231,233,-1,232,233,234,-1,229,235,227,-1,227,235,236,-1,227,236,213,-1,213,236,237,-1,213,237,219,-1,238,239,240,-1,240,239,241,-1,240,241,211,-1,5,242,243,-1,243,244,5,-1,5,244,245,-1,5,245,3,-1,246,247,248,-1,248,247,249,-1,249,250,251,-1,251,250,252,-1,251,252,5,-1,5,252,253,-1,5,253,242,-1,254,255,256,-1,256,255,257,-1,256,257,258,-1,259,260,261,-1,261,260,262,-1,261,262,256,-1,256,262,263,-1,256,263,254,-1,264,265,186,-1,186,265,266,-1,185,267,186,-1,186,267,177,-1,186,177,264,-1,264,177,179,-1,264,179,268,-1,268,179,269,-1,268,269,270,-1,270,269,271,-1,270,271,272,-1,272,271,273,-1,272,273,274,-1,274,273,275,-1,274,275,276,-1,276,275,277,-1,278,279,280,-1,281,278,282,-1,282,278,283,-1,282,283,284,-1,285,283,286,-1,286,283,287,-1,286,287,280,-1,280,287,288,-1,280,288,278,-1,289,290,285,-1,285,290,291,-1,285,291,283,-1,283,291,292,-1,283,292,284,-1,292,293,294,-1,294,295,292,-1,292,295,296,-1,292,296,284,-1,297,298,279,-1,279,298,299,-1,279,299,300,-1,281,301,278,-1,278,301,302,-1,278,302,279,-1,279,302,303,-1,279,303,297,-1,300,304,279,-1,279,304,305,-1,279,305,292,-1,292,305,306,-1,292,306,293,-1,307,308,309,-1,309,308,310,-1,309,310,311,-1,312,313,310,-1,311,310,314,-1,314,310,313,-1,314,313,315,-1,310,316,312,-1,312,316,317,-1,312,317,318,-1,318,317,319,-1,318,319,320,-1,320,319,321,-1,320,321,322,-1,322,321,323,-1,322,323,324,-1,65,62,75,-1,75,62,325,-1,75,325,71,-1,71,325,326,-1,71,326,327,-1,327,326,328,-1,327,328,329,-1,330,331,332,-1,332,331,333,-1,332,333,334,-1,334,333,335,-1,334,335,336,-1,336,335,337,-1,336,337,338,-1,338,337,339,-1,338,339,340,-1,341,342,182,-1,343,344,184,-1,184,344,345,-1,346,347,348,-1,348,347,182,-1,348,182,349,-1,349,182,342,-1,345,350,184,-1,184,350,351,-1,184,351,352,-1,352,353,184,-1,184,353,354,-1,184,354,182,-1,182,354,355,-1,182,355,341,-1,191,356,343,-1,343,356,357,-1,343,357,344,-1,346,358,347,-1,347,358,359,-1,347,359,197,-1,197,359,360,-1,197,360,191,-1,191,360,361,-1,191,361,356,-1,362,363,364,-1,364,363,365,-1,366,367,368,-1,369,261,370,-1,370,261,371,-1,372,373,374,-1,374,373,375,-1,368,376,377,-1,362,378,363,-1,363,378,379,-1,363,379,380,-1,380,379,381,-1,380,381,382,-1,375,383,374,-1,374,383,384,-1,374,384,385,-1,367,386,368,-1,368,386,387,-1,368,387,376,-1,388,389,381,-1,381,389,390,-1,369,391,261,-1,261,391,392,-1,261,392,393,-1,390,394,381,-1,381,394,395,-1,381,395,396,-1,396,397,381,-1,381,397,398,-1,381,398,382,-1,377,399,368,-1,368,399,400,-1,368,400,261,-1,261,400,365,-1,261,365,371,-1,371,365,363,-1,401,402,403,-1,403,402,404,-1,403,404,405,-1,7,259,406,-1,406,259,261,-1,406,261,407,-1,407,261,393,-1,407,393,401,-1,401,393,408,-1,401,408,402,-1,409,410,411,-1,411,410,412,-1,411,412,413,-1,414,415,416,-1,416,415,417,-1,416,417,405,-1,405,417,418,-1,405,418,403,-1,385,419,323,-1,323,419,329,-1,323,329,324,-1,324,329,328,-1,419,420,329,-1,329,420,421,-1,329,421,422,-1,409,414,410,-1,410,414,416,-1,410,416,423,-1,423,416,424,-1,423,424,425,-1,425,424,426,-1,425,426,427,-1,427,426,428,-1,429,428,323,-1,323,428,426,-1,323,426,385,-1,385,426,424,-1,385,424,374,-1,430,431,2,-1,432,433,2,-1,2,433,434,-1,407,435,406,-1,406,435,436,-1,406,436,437,-1,438,439,431,-1,431,439,440,-1,431,440,2,-1,2,440,441,-1,2,441,432,-1,437,442,406,-1,406,442,443,-1,406,443,444,-1,444,443,445,-1,444,445,430,-1,434,446,2,-1,2,446,447,-1,2,447,0,-1,448,449,450,-1,450,449,451,-1,450,451,452,-1,450,453,448,-1,448,453,454,-1,448,454,455,-1,455,456,448,-1,448,456,457,-1,448,457,458,-1,458,457,459,-1,458,459,460,-1,460,459,461,-1,460,461,431,-1,431,461,462,-1,431,462,438,-1,463,464,452,-1,452,464,465,-1,452,465,450,-1,466,467,413,-1,413,467,468,-1,413,468,411,-1,466,469,467,-1,467,469,470,-1,467,470,471,-1,471,470,472,-1,471,473,474,-1,472,475,471,-1,471,475,476,-1,471,476,477,-1,477,478,471,-1,471,478,479,-1,471,479,473,-1,474,480,471,-1,471,480,481,-1,471,481,482,-1,483,484,485,-1,486,487,488,-1,485,489,483,-1,483,489,490,-1,483,490,491,-1,491,490,486,-1,491,486,492,-1,492,486,488,-1,493,494,2,-1,2,494,495,-1,430,2,444,-1,444,2,495,-1,444,495,489,-1,489,495,496,-1,489,496,490,-1,497,494,498,-1,498,494,493,-1,498,493,499,-1,321,500,501,-1,502,503,2,-1,429,323,1,-1,1,323,321,-1,1,321,2,-1,2,321,501,-1,2,501,502,-1,503,504,2,-1,2,504,505,-1,2,505,506,-1,506,507,2,-1,2,507,508,-1,2,508,493,-1,493,508,509,-1,493,509,499,-1,510,511,319,-1,319,511,512,-1,319,512,321,-1,321,512,513,-1,321,513,500,-1,514,515,317,-1,514,317,516,-1,515,517,317,-1,317,517,518,-1,317,518,319,-1,319,518,519,-1,319,519,510,-1,520,521,522,-1,522,521,523,-1,524,525,278,-1,278,525,526,-1,278,526,283,-1,283,526,527,-1,283,527,528,-1,520,522,529,-1,529,522,526,-1,529,526,530,-1,530,526,525,-1,530,525,531,-1,525,532,531,-1,531,532,533,-1,531,533,534,-1,527,535,528,-1,528,535,536,-1,528,536,537,-1,537,536,538,-1,524,278,539,-1,539,278,540,-1,539,540,538,-1,538,540,485,-1,538,485,537,-1,537,485,484,-1,537,484,516,-1,211,207,240,-1,240,207,192,-1,240,192,541,-1,541,192,191,-1,541,191,542,-1,542,191,343,-1,542,343,543,-1,543,343,184,-1,543,184,544,-1,544,184,186,-1,544,186,545,-1,545,186,266,-1,545,266,546,-1,24,251,547,-1,547,251,5,-1,547,5,238,-1,238,5,4,-1,238,4,239,-1,19,548,20,-1,20,548,340,-1,20,340,32,-1,32,340,339,-1,249,251,248,-1,248,251,549,-1,248,549,550,-1,12,551,11,-1,11,551,552,-1,11,552,553,-1,554,549,553,-1,553,549,251,-1,553,251,11,-1,11,251,24,-1,11,24,13,-1,13,24,26,-1,7,406,8,-1,8,406,444,-1,8,444,199,-1,199,444,489,-1,199,489,197,-1,197,489,485,-1,197,485,347,-1,347,485,540,-1,347,540,182,-1,182,540,278,-1,182,278,174,-1,174,278,288,-1,174,288,176,-1,550,551,248,-1,248,551,12,-1,248,12,555,-1,555,12,108,-1,258,246,256,-1,256,246,248,-1,256,248,261,-1,261,248,555,-1,261,555,368,-1,368,555,556,-1,94,556,557,-1,557,556,558,-1,558,556,559,-1,559,556,555,-1,559,555,560,-1,94,557,108,-1,108,557,561,-1,108,561,555,-1,555,561,562,-1,555,562,560,-1,563,564,565,-1,565,564,559,-1,565,559,566,-1,566,559,560,-1,566,560,567,-1,567,560,568,-1,516,317,537,-1,537,317,316,-1,537,316,528,-1,528,316,310,-1,528,310,283,-1,283,310,308,-1,283,308,287,-1,69,71,94,-1,94,71,327,-1,94,327,556,-1,556,327,329,-1,556,329,368,-1,368,329,422,-1,368,422,366,-1,
        ]
    }
}
Shape{
    appearance Appearance {
        material  Material 	{
            diffuseColor 0.8470588235294118 0.8470588235294118 0.8470588235294118
            specularColor 0.8470588235294118 0.8470588235294118 0.8470588235294118
            ambientIntensity 0.8471
            transparency 0.0
            shininess 0.5
        }
    }
    geometry IndexedFaceSet {
        ccw TRUE
        solid FALSE
        coord DEF co Coordinate {
            point [
                -0.2559 -0.1378 0.748, 0.2559 -0.1378 0.748, -0.2559 0.1378 0.748, 0.2559 0.1378 0.748
            ]
        }
        coordIndex [
            0,1,2,-1,2,1,3,-1,
        ]
    }
}
Shape{
    appearance Appearance {
        material  Material 	{
            diffuseColor 0.7725490196078432 0.7725490196078432 0.0
            specularColor 0.7725490196078432 0.7725490196078432 0.0
            ambientIntensity 0.6845
            transparency 0.0
            shininess 0.5
        }
    }
    geometry IndexedFaceSet {
        ccw TRUE
        solid FALSE
        coord DEF co Coordinate {
            point [
                0.8071 -0.5512 0.2953, 0.5709 -0.5512 0.2953, 0.8071 -0.5512 0.0787, 0.5709 -0.5512 0.0787, 0.5709 -0.5485 0.0584, 0.8071 -0.5485 0.0584, 0.5709 -0.5406 0.0394, 0.8071 -0.5406 0.0394, 0.5709 -0.5281 0.0231, 0.8071 -0.5281 0.0231, 0.5709 -0.5118 0.0105, 0.8071 -0.5118 0.0105, 0.5709 -0.4928 0.0027, 0.8071 -0.4928 0.0027, 0.5709 -0.4724 0.0, 0.8071 -0.4724 0.0, 0.8071 -0.2165 0.0, 0.5709 -0.2165 0.0, 0.8071 -0.2165 0.0591, 0.5709 -0.2165 0.0591, 0.8071 -0.4724 0.0591, 0.5709 -0.4724 0.0591, 0.8071 -0.4775 0.0597, 0.5709 -0.4775 0.0597, 0.8071 -0.4823 0.0617, 0.5709 -0.4823 0.0617, 0.8071 -0.4864 0.0648, 0.5709 -0.4864 0.0648, 0.8071 -0.4895 0.0689, 0.5709 -0.4895 0.0689, 0.8071 -0.4915 0.0736, 0.5709 -0.4915 0.0736, 0.8071 -0.4921 0.0787, 0.5709 -0.4921 0.0787, -0.5709 -0.5512 0.0787, -0.8071 -0.5512 0.0787, -0.8071 -0.5485 0.0584, -0.5709 -0.5485 0.0584, -0.8071 -0.5406 0.0394, -0.5709 -0.5406 0.0394, -0.8071 -0.5281 0.0231, -0.5709 -0.5281 0.0231, -0.8071 -0.5118 0.0105, -0.5709 -0.5118 0.0105, -0.8071 -0.4928 0.0027, -0.5709 -0.4928 0.0027, -0.8071 -0.4724 0.0, -0.5709 -0.4724 0.0, -0.5709 -0.2165 0.0, -0.8071 -0.2165 0.0, -0.5709 -0.2165 0.0591, -0.8071 -0.2165 0.0591, -0.5709 -0.4724 0.0591, -0.8071 -0.4724 0.0591, -0.5709 -0.5512 0.2953, -0.8071 -0.5512 0.2953, -0.5709 -0.4775 0.0597, -0.8071 -0.4775 0.0597, -0.5709 -0.4823 0.0617, -0.8071 -0.4823 0.0617, -0.5709 -0.4864 0.0648, -0.8071 -0.4864 0.0648, -0.5709 -0.4895 0.0689, -0.8071 -0.4895 0.0689, -0.5709 -0.4915 0.0736, -0.8071 -0.4915 0.0736, -0.5709 -0.4921 0.0787, -0.8071 -0.4921 0.0787, 0.8071 -0.4921 0.1181, 0.5709 -0.4921 0.1181
            ]
        }
        coordIndex [
            0,1,2,-1,2,1,3,-1,2,3,4,-1,2,4,5,-1,5,4,6,-1,5,6,7,-1,7,6,8,-1,7,8,9,-1,9,8,10,-1,9,10,11,-1,11,10,12,-1,11,12,13,-1,13,12,14,-1,13,14,15,-1,15,14,16,-1,16,14,17,-1,16,17,18,-1,18,17,19,-1,18,19,20,-1,20,19,21,-1,20,21,22,-1,22,21,23,-1,22,23,24,-1,24,23,25,-1,24,25,26,-1,26,25,27,-1,26,27,28,-1,28,27,29,-1,28,29,30,-1,30,29,31,-1,30,31,32,-1,32,31,33,-1,34,35,36,-1,34,36,37,-1,37,36,38,-1,37,38,39,-1,39,38,40,-1,39,40,41,-1,41,40,42,-1,41,42,43,-1,43,42,44,-1,43,44,45,-1,45,44,46,-1,45,46,47,-1,47,46,48,-1,48,46,49,-1,48,49,50,-1,50,49,51,-1,50,51,52,-1,52,51,53,-1,54,55,34,-1,34,55,35,-1,52,53,56,-1,56,53,57,-1,56,57,58,-1,58,57,59,-1,58,59,60,-1,60,59,61,-1,60,61,62,-1,62,61,63,-1,62,63,64,-1,64,63,65,-1,64,65,66,-1,66,65,67,-1,32,33,68,-1,68,33,69,-1,
        ]
    }
}
Shape{
    appearance Appearance {
        material  Material 	{
            diffuseColor 0.6980392156862745 0.6980392156862745 0.6980392156862745
            specularColor 0.6980392156862745 0.6980392156862745 0.6980392156862745
            ambientIntensity 0.698
            transparency 0.0
            shininess 0.5
        }
    }
    geometry IndexedFaceSet {
        ccw TRUE
        solid FALSE
        coord DEF co Coordinate {
            point [
                -0.4993 -0.3143 0.9764, -0.502 -0.3346 0.9764, -0.355 -0.2953 0.9764, -0.4436 -0.2586 0.9764, -0.3839 -0.2665 0.9764, -0.4232 -0.2559 0.9764, -0.4028 -0.2586 0.9764, -0.4626 -0.2665 0.9764, -0.4789 -0.279 0.9764, -0.3676 -0.279 0.9764, -0.4914 -0.2953 0.9764, -0.3445 -0.3346 0.9764, -0.3472 -0.3143 0.9764, -0.4914 -0.374 0.9764, -0.4993 -0.355 0.9764, -0.4789 -0.3903 0.9764, -0.4028 -0.4107 0.9764, -0.3839 -0.4028 0.9764, -0.4626 -0.4028 0.9764, -0.4436 -0.4107 0.9764, -0.4232 -0.4134 0.9764, -0.3676 -0.3903 0.9764, -0.355 -0.374 0.9764, -0.3472 -0.355 0.9764
            ]
        }
        coordIndex [
            0,1,2,-1,3,4,5,-1,5,4,6,-1,3,7,4,-1,4,7,8,-1,4,8,9,-1,9,8,2,-1,2,8,10,-1,2,10,0,-1,11,12,13,-1,13,12,2,-1,13,2,14,-1,14,2,1,-1,15,16,17,-1,18,19,15,-1,15,19,20,-1,15,20,16,-1,17,21,15,-1,15,21,22,-1,15,22,13,-1,13,22,23,-1,13,23,11,-1,
        ]
    }
}
Shape{
    appearance Appearance {
        material  Material 	{
            diffuseColor 0.25098039215686274 0.25098039215686274 0.25098039215686274
            specularColor 0.2196078431372549 0.2196078431372549 0.2196078431372549
            ambientIntensity 0.251
            transparency 0.0
            shininess 0.5
        }
    }
    geometry IndexedFaceSet {
        ccw TRUE
        solid FALSE
        coord DEF co Coordinate {
            point [
                -0.2559 0.1378 0.8465, -0.2559 -0.1378 0.8465, -0.2559 0.1378 0.748, -0.2559 -0.1378 0.748, 0.2559 -0.1378 0.8465, 0.2559 -0.1378 0.748, 0.2559 0.1378 0.748, 0.2559 0.1378 0.8465
            ]
        }
        coordIndex [
            0,1,2,-1,2,1,3,-1,1,4,3,-1,3,4,5,-1,6,5,7,-1,7,5,4,-1,2,6,0,-1,0,6,7,-1,
        ]
    }
}
Shape{
    appearance Appearance {
        material  Material 	{
            diffuseColor 0.7725490196078432 0.7725490196078432 0.0
            specularColor 0.7725490196078432 0.7725490196078432 0.0
            ambientIntensity 0.6845
            transparency 0.0
            shininess 0.5
        }
    }
    geometry IndexedFaceSet {
        ccw TRUE
        solid FALSE
        coord DEF co Coordinate {
            point [
                -0.5709 -0.2165 0.0, -0.5709 -0.2165 0.0591, -0.5709 -0.4724 0.0, -0.5709 -0.4724 0.0591, -0.5709 -0.4928 0.0027, -0.5709 -0.4775 0.0597, -0.5709 -0.5118 0.0105, -0.5709 -0.4823 0.0617, -0.5709 -0.5281 0.0231, -0.5709 -0.4864 0.0648, -0.5709 -0.5406 0.0394, -0.5709 -0.4895 0.0689, -0.5709 -0.5485 0.0584, -0.5709 -0.4915 0.0736, -0.5709 -0.5512 0.0787, -0.5709 -0.4921 0.3295, -0.5709 -0.4921 0.3491, -0.5709 -0.5347 0.3435, -0.5709 -0.4921 0.0787, -0.5709 -0.4921 0.1181, -0.5709 -0.5512 0.2953, -0.5709 -0.4921 0.3715, -0.5709 -0.5083 0.3654, -0.5709 -0.5227 0.3559, -0.5709 -0.4921 0.2168, -0.5709 -0.4921 0.2432, -0.5709 -0.5493 0.3124, -0.5709 -0.5437 0.3288, 0.5709 -0.4921 0.3715, 0.5709 -0.4921 0.3491, 0.5709 -0.5083 0.3654, 0.5709 -0.5227 0.3559, 0.5709 -0.4921 0.3295, 0.5709 -0.4921 0.2432, 0.5709 -0.5512 0.2953, 0.5709 -0.4921 0.2168, 0.5709 -0.5512 0.0787, 0.5709 -0.2165 0.0591, 0.5709 -0.2165 0.0, 0.5709 -0.4724 0.0591, 0.5709 -0.4724 0.0, 0.5709 -0.4775 0.0597, 0.5709 -0.4928 0.0027, 0.5709 -0.4823 0.0617, 0.5709 -0.5118 0.0105, 0.5709 -0.4864 0.0648, 0.5709 -0.5281 0.0231, 0.5709 -0.4895 0.0689, 0.5709 -0.5406 0.0394, 0.5709 -0.4915 0.0736, 0.5709 -0.5485 0.0584, 0.5709 -0.4921 0.0787, 0.5709 -0.4921 0.1181, 0.5709 -0.5493 0.3124, 0.5709 -0.5437 0.3288, 0.5709 -0.5347 0.3435, 0.8071 -0.4921 0.3715, 0.8071 -0.5083 0.3654, 0.8071 -0.5227 0.3559, 0.8071 -0.5347 0.3435, 0.8071 -0.5437 0.3288, 0.8071 -0.5493 0.3124, 0.8071 -0.5512 0.2953, 0.8071 -0.2165 0.0, 0.8071 -0.2165 0.0591, 0.8071 -0.4724 0.0, 0.8071 -0.4724 0.0591, 0.8071 -0.4928 0.0027, 0.8071 -0.4775 0.0597, 0.8071 -0.5118 0.0105, 0.8071 -0.4823 0.0617, 0.8071 -0.5281 0.0231, 0.8071 -0.4864 0.0648, 0.8071 -0.5406 0.0394, 0.8071 -0.4895 0.0689, 0.8071 -0.5485 0.0584, 0.8071 -0.4915 0.0736, 0.8071 -0.5512 0.0787, 0.8071 -0.4921 0.3295, 0.8071 -0.4921 0.3491, 0.8071 -0.4921 0.0787, 0.8071 -0.4921 0.1181, 0.8071 -0.4921 0.2168, 0.8071 -0.4921 0.2432, -0.8071 -0.4921 0.3715, -0.8071 -0.4921 0.3491, -0.8071 -0.5083 0.3654, -0.8071 -0.5227 0.3559, -0.8071 -0.4921 0.3295, -0.8071 -0.4921 0.2432, -0.8071 -0.5512 0.2953, -0.8071 -0.4921 0.2168, -0.8071 -0.5512 0.0787, -0.8071 -0.2165 0.0591, -0.8071 -0.2165 0.0, -0.8071 -0.4724 0.0591, -0.8071 -0.4724 0.0, -0.8071 -0.4775 0.0597, -0.8071 -0.4928 0.0027, -0.8071 -0.4823 0.0617, -0.8071 -0.5118 0.0105, -0.8071 -0.4864 0.0648, -0.8071 -0.5281 0.0231, -0.8071 -0.4895 0.0689, -0.8071 -0.5406 0.0394, -0.8071 -0.4915 0.0736, -0.8071 -0.5485 0.0584, -0.8071 -0.4921 0.0787, -0.8071 -0.4921 0.1181, -0.8071 -0.5493 0.3124, -0.8071 -0.5437 0.3288, -0.8071 -0.5347 0.3435, -0.7075 -0.4921 0.3715
            ]
        }
        coordIndex [
            0,1,2,-1,2,1,3,-1,2,3,4,-1,4,3,5,-1,4,5,6,-1,6,5,7,-1,6,7,8,-1,8,7,9,-1,8,9,10,-1,10,9,11,-1,10,11,12,-1,12,11,13,-1,12,13,14,-1,15,16,17,-1,13,18,14,-1,14,18,19,-1,14,19,20,-1,21,22,16,-1,16,22,23,-1,16,23,17,-1,19,24,20,-1,20,24,25,-1,20,25,26,-1,26,25,15,-1,26,15,27,-1,27,15,17,-1,28,29,30,-1,30,29,31,-1,32,33,34,-1,34,33,35,-1,34,35,36,-1,37,38,39,-1,39,38,40,-1,39,40,41,-1,41,40,42,-1,41,42,43,-1,43,42,44,-1,43,44,45,-1,45,44,46,-1,45,46,47,-1,47,46,48,-1,47,48,49,-1,49,48,50,-1,49,50,51,-1,51,50,36,-1,51,36,52,-1,52,36,35,-1,34,53,32,-1,32,53,54,-1,32,54,29,-1,29,54,55,-1,29,55,31,-1,56,28,30,-1,56,30,57,-1,57,30,31,-1,57,31,58,-1,58,31,55,-1,58,55,59,-1,59,55,54,-1,59,54,60,-1,60,54,53,-1,60,53,61,-1,61,53,34,-1,61,34,62,-1,63,64,65,-1,65,64,66,-1,65,66,67,-1,67,66,68,-1,67,68,69,-1,69,68,70,-1,69,70,71,-1,71,70,72,-1,71,72,73,-1,73,72,74,-1,73,74,75,-1,75,74,76,-1,75,76,77,-1,78,79,59,-1,76,80,77,-1,77,80,81,-1,77,81,62,-1,56,57,79,-1,79,57,58,-1,79,58,59,-1,81,82,62,-1,62,82,83,-1,62,83,61,-1,61,83,78,-1,61,78,60,-1,60,78,59,-1,84,85,86,-1,86,85,87,-1,88,89,90,-1,90,89,91,-1,90,91,92,-1,93,94,95,-1,95,94,96,-1,95,96,97,-1,97,96,98,-1,97,98,99,-1,99,98,100,-1,99,100,101,-1,101,100,102,-1,101,102,103,-1,103,102,104,-1,103,104,105,-1,105,104,106,-1,105,106,107,-1,107,106,92,-1,107,92,108,-1,108,92,91,-1,90,109,88,-1,88,109,110,-1,88,110,85,-1,85,110,111,-1,85,111,87,-1,112,84,86,-1,22,21,112,-1,112,86,22,-1,22,86,87,-1,22,87,23,-1,23,87,111,-1,23,111,17,-1,17,111,110,-1,17,110,27,-1,27,110,109,-1,27,109,26,-1,26,109,90,-1,26,90,20,-1,18,107,19,-1,19,107,108,-1,
        ]
    }
}
Shape{
    appearance Appearance {
        material  Material 	{
            diffuseColor 0.25098039215686274 0.25098039215686274 0.25098039215686274
            specularColor 0.2196078431372549 0.2196078431372549 0.2196078431372549
            ambientIntensity 0.251
            transparency 0.0
            shininess 0.5
        }
    }
    geometry IndexedFaceSet {
        ccw TRUE
        solid FALSE
        coord DEF co Coordinate {
            point [
                0.2165 -0.4921 0.1181, 0.2111 -0.4921 0.1181, 0.2165 -0.0984 0.1181, 0.1855 -0.4921 0.1181, 0.1487 -0.4921 0.1181, 0.1331 -0.4921 0.1181, 0.1026 -0.4921 0.1181, 0.0461 -0.4921 0.1181, -0.2165 -0.4921 0.1181, -0.2165 -0.0984 0.1181, -0.0221 -0.4921 0.1181, 0.0421 -0.4921 0.1181, 1.063 -0.4921 0.8661, 1.063 -0.2953 0.8661, 0.8661 -0.4921 0.8661, 0.4724 -0.4921 0.1181, 0.4724 -0.0984 0.1181, 0.5709 -0.4921 0.1181, 0.8661 -0.0984 0.1181, 0.8071 -0.4921 0.1181, 0.4724 0.0984 0.1181, 0.4724 0.4921 0.1181, 0.8661 0.0984 0.1181, 1.063 0.4921 0.1181, 1.063 -0.4921 0.1181, -0.4232 -0.4134 0.9764, -0.4232 -0.4134 0.9843, -0.4028 -0.4107 0.9764, -0.4028 -0.4107 0.9843, -0.3839 -0.4028 0.9764, -0.3839 -0.4028 0.9843, -0.3676 -0.3903 0.9764, -0.3676 -0.3903 0.9843, -0.355 -0.374 0.9764, -0.355 -0.374 0.9843, -0.3472 -0.355 0.9764, -0.3472 -0.355 0.9843, -0.3445 -0.3346 0.9764, -0.3445 -0.3346 0.9843, -0.3472 -0.3143 0.9764, -0.3472 -0.3143 0.9843, -0.355 -0.2953 0.9764, -0.355 -0.2953 0.9843, -0.3676 -0.279 0.9764, -0.3676 -0.279 0.9843, -0.3839 -0.2665 0.9764, -0.3839 -0.2665 0.9843, -0.4028 -0.2586 0.9764, -0.4028 -0.2586 0.9843, -0.4232 -0.2559 0.9764, -0.4232 -0.2559 0.9843, -0.5906 0.1772 0.9843, -0.5906 -0.1772 0.9843, -0.2559 0.1378 0.8465, -0.2559 -0.1378 0.8465, 0.2559 -0.1378 0.8465, 0.5906 -0.1772 0.9843, 0.2559 0.1378 0.8465, 0.5906 0.1772 0.9843, 1.063 -0.2953 0.9843, 0.8661 -0.4921 0.9843, -0.4724 0.4921 0.1181, -0.4724 0.0984 0.1181, -1.063 0.4921 0.1181, -0.8661 0.0984 0.1181, -1.063 -0.4921 0.1181, -0.8661 -0.0984 0.1181, -0.8071 -0.4921 0.1181, -0.4724 -0.0984 0.1181, -0.5709 -0.4921 0.1181, -0.4724 -0.4921 0.1181, -0.4724 0.0984 0.0394, -0.8661 0.0984 0.0394, -0.8661 -0.0984 0.0394, -0.4724 -0.0984 0.0394, -0.4724 -0.4921 0.0394, -0.2165 -0.4921 0.0394, -0.2165 -0.0984 0.0394, 0.2165 -0.0984 0.0394, 0.2165 -0.4921 0.0394, 0.4724 -0.4921 0.0394, 0.4724 -0.0984 0.0394, 0.8661 -0.0984 0.0394, 0.8661 0.0984 0.0394, 0.4724 0.0984 0.0394
            ]
        }
        coordIndex [
            0,1,2,-1,2,1,3,-1,2,3,4,-1,4,5,2,-1,2,5,6,-1,2,6,7,-1,8,9,10,-1,10,9,2,-1,10,2,11,-1,11,2,7,-1,12,13,14,-1,15,16,17,-1,17,16,18,-1,17,18,19,-1,20,21,22,-1,22,21,23,-1,22,23,18,-1,18,23,24,-1,18,24,19,-1,25,26,27,-1,27,26,28,-1,27,28,29,-1,29,28,30,-1,29,30,31,-1,31,30,32,-1,31,32,33,-1,33,32,34,-1,33,34,35,-1,35,34,36,-1,35,36,37,-1,37,36,38,-1,37,38,39,-1,39,38,40,-1,39,40,41,-1,41,40,42,-1,41,42,43,-1,43,42,44,-1,43,44,45,-1,45,44,46,-1,45,46,47,-1,47,46,48,-1,47,48,49,-1,49,48,50,-1,51,52,53,-1,53,52,54,-1,55,54,56,-1,56,54,52,-1,57,55,58,-1,58,55,56,-1,58,51,57,-1,57,51,53,-1,59,60,13,-1,13,60,14,-1,61,62,63,-1,63,62,64,-1,63,64,65,-1,65,64,66,-1,65,66,67,-1,67,66,68,-1,67,68,69,-1,69,68,70,-1,71,72,62,-1,62,72,64,-1,72,73,64,-1,64,73,66,-1,73,74,66,-1,66,74,68,-1,74,75,68,-1,68,75,70,-1,76,77,8,-1,8,77,9,-1,77,78,9,-1,9,78,2,-1,78,79,2,-1,2,79,0,-1,80,81,15,-1,15,81,16,-1,81,82,16,-1,16,82,18,-1,82,83,18,-1,18,83,22,-1,83,84,22,-1,22,84,20,-1,
        ]
    }
}
Shape{
    appearance Appearance {
        material  Material 	{
            diffuseColor 0.7725490196078432 0.7725490196078432 0.0
            specularColor 0.7725490196078432 0.7725490196078432 0.0
            ambientIntensity 0.6845
            transparency 0.0
            shininess 0.5
        }
    }
    geometry IndexedFaceSet {
        ccw TRUE
        solid FALSE
        coord DEF co Coordinate {
            point [
                0.1181 0.4921 0.0787, -0.1181 0.4921 0.0787, 0.1181 0.4916 0.0744, -0.1181 0.4916 0.0744, 0.1181 0.4902 0.0702, -0.1181 0.4902 0.0702, 0.1181 0.4878 0.0665, -0.1181 0.4878 0.0665, 0.1181 0.4847 0.0633, -0.1181 0.4847 0.0633, 0.1181 0.481 0.061, -0.1181 0.481 0.061, 0.1181 0.4768 0.0595, -0.1181 0.4768 0.0595, 0.1181 0.4724 0.0591, -0.1181 0.4724 0.0591, 0.1181 0.2165 0.0591, -0.1181 0.2165 0.0591, 0.1181 0.2165 0.0, -0.1181 0.2165 0.0, 0.1181 0.4724 0.0, -0.1181 0.4724 0.0, -0.1181 0.49 0.002, 0.1181 0.49 0.002, -0.1181 0.5066 0.0078, 0.1181 0.5066 0.0078, -0.1181 0.5215 0.0172, 0.1181 0.5215 0.0172, -0.1181 0.534 0.0296, 0.1181 0.534 0.0296, -0.1181 0.5434 0.0446, 0.1181 0.5434 0.0446, -0.1181 0.5492 0.0612, 0.1181 0.5492 0.0612, -0.1181 0.5512 0.0787, 0.1181 0.5512 0.0787, 0.1181 0.5512 0.2953, -0.1181 0.5512 0.2953, -0.1181 0.4921 0.1181, 0.1181 0.4921 0.1181
            ]
        }
        coordIndex [
            0,1,2,-1,2,1,3,-1,2,3,4,-1,4,3,5,-1,4,5,6,-1,6,5,7,-1,6,7,8,-1,8,7,9,-1,8,9,10,-1,10,9,11,-1,10,11,12,-1,12,11,13,-1,12,13,14,-1,14,13,15,-1,14,15,16,-1,16,15,17,-1,16,17,18,-1,18,17,19,-1,18,19,20,-1,20,19,21,-1,20,21,22,-1,20,22,23,-1,23,22,24,-1,23,24,25,-1,25,24,26,-1,25,26,27,-1,27,26,28,-1,27,28,29,-1,29,28,30,-1,29,30,31,-1,31,30,32,-1,31,32,33,-1,33,32,34,-1,33,34,35,-1,35,34,36,-1,36,34,37,-1,1,0,38,-1,38,0,39,-1,
        ]
    }
}
Shape{
    appearance Appearance {
        material  Material 	{
            diffuseColor 0.25098039215686274 0.25098039215686274 0.25098039215686274
            specularColor 0.2196078431372549 0.2196078431372549 0.2196078431372549
            ambientIntensity 0.251
            transparency 0.0
            shininess 0.5
        }
    }
    geometry IndexedFaceSet {
        ccw TRUE
        solid FALSE
        coord DEF co Coordinate {
            point [
                0.2165 0.0984 0.0394, -0.2165 0.0984 0.0394, 0.2165 0.0984 0.1181, -0.2165 0.0984 0.1181, 0.2165 0.4921 0.0394, 0.2165 0.4921 0.1181, 0.4724 0.0984 0.0394, 0.4724 0.4921 0.0394, 0.4724 0.0984 0.1181, 0.4724 0.4921 0.1181, 1.063 0.4921 0.9843, 1.063 -0.2953 0.9843, 1.063 0.4921 0.1181, 1.063 -0.2953 0.8661, 1.063 -0.4921 0.8661, 1.063 -0.4921 0.4169, 1.063 -0.4921 0.3491, 1.063 -0.4921 0.3295, 1.063 -0.4921 0.2432, 1.063 -0.4921 0.2168, 1.063 -0.4921 0.1181, -0.8661 0.4921 0.9843, -0.5906 0.1772 0.9843, -1.063 0.2953 0.9843, -1.063 -0.4921 0.9843, -0.5906 -0.1772 0.9843, -0.4626 -0.2665 0.9843, -0.4436 -0.2586 0.9843, 0.8661 -0.4921 0.9843, 0.5906 -0.1772 0.9843, 0.5906 0.1772 0.9843, -0.4626 -0.4028 0.9843, -0.4789 -0.3903 0.9843, -0.7075 -0.4921 0.9843, -0.4914 -0.374 0.9843, -0.4993 -0.355 0.9843, -0.4789 -0.279 0.9843, -0.502 -0.3346 0.9843, -0.4993 -0.3143 0.9843, -0.4914 -0.2953 0.9843, -0.4232 -0.2559 0.9843, -0.4028 -0.2586 0.9843, -0.3839 -0.2665 0.9843, -0.3676 -0.279 0.9843, -0.355 -0.374 0.9843, -0.3676 -0.3903 0.9843, -0.0221 -0.4921 0.9843, -0.3839 -0.4028 0.9843, -0.4028 -0.4107 0.9843, -0.4232 -0.4134 0.9843, -0.4436 -0.4107 0.9843, -0.355 -0.2953 0.9843, -0.3472 -0.3143 0.9843, -0.3445 -0.3346 0.9843, 0.2322 -0.4921 0.9843, 0.2111 -0.4921 0.9843, 0.0461 -0.4921 0.9843, 0.1026 -0.4921 0.9843, -0.3472 -0.355 0.9843, 0.0421 -0.4921 0.9843, 0.1331 -0.4921 0.9843, 0.1487 -0.4921 0.9843, 0.1855 -0.4921 0.9843, -1.063 0.2953 0.8661, -0.8661 0.4921 0.8661, -1.063 0.4921 0.8661, -1.063 0.4921 0.1181, -1.063 -0.4921 0.1181, -1.063 -0.4921 0.2168, -1.063 -0.4921 0.2432, -1.063 -0.4921 0.3295, -1.063 -0.4921 0.4169, -1.063 -0.4921 0.3491, -0.4724 0.4921 0.0394, -0.4724 0.0984 0.0394, -0.4724 0.4921 0.1181, -0.4724 0.0984 0.1181, 0.8661 0.0984 0.0394, 0.8661 -0.0984 0.0394, -0.4724 -0.0984 0.0394, -0.8661 -0.0984 0.0394, -0.8661 0.0984 0.0394, 0.2322 -0.4921 0.0394, 0.2165 -0.4921 0.0394, 0.2165 -0.0984 0.0394, -0.2165 0.4921 0.0394, -0.2165 -0.4921 0.0394, -0.4724 -0.4921 0.0394, -0.2165 -0.0984 0.0394, 0.4724 -0.0984 0.0394, 0.4724 -0.4921 0.0394, -0.2165 0.4921 0.1181
            ]
        }
        coordIndex [
            0,1,2,-1,2,1,3,-1,4,0,5,-1,5,0,2,-1,6,7,8,-1,8,7,9,-1,10,11,12,-1,12,11,13,-1,12,13,14,-1,14,15,12,-1,12,15,16,-1,12,16,17,-1,17,18,12,-1,12,18,19,-1,12,19,20,-1,10,21,22,-1,21,23,22,-1,22,23,24,-1,22,24,25,-1,26,27,25,-1,28,11,29,-1,29,11,10,-1,29,10,30,-1,30,10,22,-1,31,32,33,-1,33,32,34,-1,33,34,24,-1,24,34,35,-1,26,25,36,-1,35,37,24,-1,24,37,38,-1,24,38,25,-1,25,38,39,-1,25,39,36,-1,27,40,25,-1,25,40,41,-1,25,41,29,-1,29,41,42,-1,29,42,43,-1,44,45,46,-1,46,45,47,-1,47,48,46,-1,46,48,49,-1,46,49,33,-1,33,49,50,-1,33,50,31,-1,43,51,29,-1,29,51,52,-1,29,52,28,-1,28,52,53,-1,28,53,54,-1,54,53,55,-1,56,57,58,-1,44,46,58,-1,58,46,59,-1,58,59,56,-1,57,60,58,-1,58,60,61,-1,58,61,53,-1,53,61,62,-1,53,62,55,-1,23,21,63,-1,63,21,64,-1,64,65,63,-1,65,66,63,-1,63,66,67,-1,67,68,63,-1,63,68,69,-1,63,69,70,-1,24,23,71,-1,71,23,63,-1,71,63,72,-1,72,63,70,-1,73,74,75,-1,75,74,76,-1,6,77,78,-1,79,80,81,-1,82,83,84,-1,73,85,74,-1,74,85,1,-1,86,87,88,-1,88,87,79,-1,4,7,0,-1,0,7,6,-1,0,6,89,-1,89,6,78,-1,81,74,79,-1,79,74,1,-1,79,1,88,-1,88,1,0,-1,88,0,84,-1,84,0,89,-1,84,89,82,-1,82,89,90,-1,1,85,3,-1,3,85,91,-1,
        ]
    }
}
Shape{
    appearance Appearance {
        material  Material 	{
            diffuseColor 0.7725490196078432 0.7725490196078432 0.0
            specularColor 0.7725490196078432 0.7725490196078432 0.0
            ambientIntensity 0.6845
            transparency 0.0
            shininess 0.5
        }
    }
    geometry IndexedFaceSet {
        ccw TRUE
        solid FALSE
        coord DEF co Coordinate {
            point [
                -0.1181 0.2165 0.0, -0.1181 0.2165 0.0591, -0.1181 0.4724 0.0, -0.1181 0.4724 0.0591, -0.1181 0.49 0.002, -0.1181 0.4768 0.0595, -0.1181 0.5066 0.0078, -0.1181 0.481 0.061, -0.1181 0.5215 0.0172, -0.1181 0.4847 0.0633, -0.1181 0.534 0.0296, -0.1181 0.4878 0.0665, -0.1181 0.5434 0.0446, -0.1181 0.4902 0.0702, -0.1181 0.5492 0.0612, -0.1181 0.4916 0.0744, -0.1181 0.5512 0.0787, -0.1181 0.4921 0.0787, -0.1181 0.4921 0.1181, -0.1181 0.5512 0.2953, -0.1181 0.4921 0.3715, -0.1181 0.5493 0.3124, -0.1181 0.5083 0.3654, -0.1181 0.5227 0.3559, -0.1181 0.5437 0.3288, -0.1181 0.5347 0.3435, 0.1181 0.5512 0.2953, 0.1181 0.5493 0.3124, 0.1181 0.5437 0.3288, 0.1181 0.5347 0.3435, 0.1181 0.5227 0.3559, 0.1181 0.5083 0.3654, 0.1181 0.4921 0.3715, 0.1181 0.2165 0.0591, 0.1181 0.2165 0.0, 0.1181 0.4724 0.0591, 0.1181 0.4724 0.0, 0.1181 0.4768 0.0595, 0.1181 0.49 0.002, 0.1181 0.481 0.061, 0.1181 0.5066 0.0078, 0.1181 0.4847 0.0633, 0.1181 0.5215 0.0172, 0.1181 0.4878 0.0665, 0.1181 0.534 0.0296, 0.1181 0.4902 0.0702, 0.1181 0.5434 0.0446, 0.1181 0.4916 0.0744, 0.1181 0.5492 0.0612, 0.1181 0.4921 0.0787, 0.1181 0.5512 0.0787, 0.1181 0.4921 0.1181
            ]
        }
        coordIndex [
            0,1,2,-1,2,1,3,-1,2,3,4,-1,4,3,5,-1,4,5,6,-1,6,5,7,-1,6,7,8,-1,8,7,9,-1,8,9,10,-1,10,9,11,-1,10,11,12,-1,12,11,13,-1,12,13,14,-1,14,13,15,-1,14,15,16,-1,15,17,16,-1,16,17,18,-1,16,18,19,-1,19,18,20,-1,19,20,21,-1,20,22,21,-1,21,22,23,-1,21,23,24,-1,24,23,25,-1,26,19,21,-1,26,21,27,-1,27,21,24,-1,27,24,28,-1,28,24,25,-1,28,25,29,-1,29,25,23,-1,29,23,30,-1,30,23,22,-1,30,22,31,-1,31,22,20,-1,31,20,32,-1,33,34,35,-1,35,34,36,-1,35,36,37,-1,37,36,38,-1,37,38,39,-1,39,38,40,-1,39,40,41,-1,41,40,42,-1,41,42,43,-1,43,42,44,-1,43,44,45,-1,45,44,46,-1,45,46,47,-1,47,46,48,-1,47,48,49,-1,49,48,50,-1,49,50,51,-1,51,50,32,-1,32,50,26,-1,32,26,31,-1,31,26,27,-1,31,27,30,-1,30,27,28,-1,30,28,29,-1,
        ]
    }
}
Shape{
    appearance Appearance {
        material  Material 	{
            diffuseColor 0.25098039215686274 0.25098039215686274 0.25098039215686274
            specularColor 0.2196078431372549 0.2196078431372549 0.2196078431372549
            ambientIntensity 0.251
            transparency 0.0
            shininess 0.5
        }
    }
    geometry IndexedFaceSet {
        ccw TRUE
        solid FALSE
        coord DEF co Coordinate {
            point [
                0.2165 0.4921 0.1181, 0.2165 0.0984 0.1181, 0.1181 0.4921 0.1181, -0.2165 0.0984 0.1181, -0.1181 0.4921 0.1181, -0.2165 0.4921 0.1181, -0.4724 0.4921 0.1181, -1.063 0.4921 0.1181, -1.063 0.4921 0.8661, -0.2165 0.4921 0.0394, -0.4724 0.4921 0.0394, 0.1181 0.4921 0.3715, 0.4724 0.4921 0.1181, 0.2165 0.4921 0.0394, 0.4724 0.4921 0.0394, -0.8661 0.4921 0.8661, -0.1181 0.4921 0.3715, -0.8661 0.4921 0.9843, 1.063 0.4921 0.9843, 1.063 0.4921 0.1181, -0.4232 -0.2559 0.9764, -0.4232 -0.2559 0.9843, -0.4436 -0.2586 0.9764, -0.4436 -0.2586 0.9843, -0.4626 -0.2665 0.9764, -0.4626 -0.2665 0.9843, -0.4789 -0.279 0.9764, -0.4789 -0.279 0.9843, -0.4914 -0.2953 0.9764, -0.4914 -0.2953 0.9843, -0.4993 -0.3143 0.9764, -0.4993 -0.3143 0.9843, -0.502 -0.3346 0.9764, -0.502 -0.3346 0.9843, -0.4993 -0.355 0.9764, -0.4993 -0.355 0.9843, -0.4914 -0.374 0.9764, -0.4914 -0.374 0.9843, -0.4789 -0.3903 0.9764, -0.4789 -0.3903 0.9843, -0.4626 -0.4028 0.9764, -0.4626 -0.4028 0.9843, -0.4436 -0.4107 0.9764, -0.4436 -0.4107 0.9843, -0.4232 -0.4134 0.9764, -0.4232 -0.4134 0.9843
            ]
        }
        coordIndex [
            0,1,2,-1,2,1,3,-1,2,3,4,-1,4,3,5,-1,6,7,8,-1,5,9,10,-1,2,11,0,-1,0,11,12,-1,0,12,13,-1,13,12,14,-1,10,6,5,-1,5,6,8,-1,5,8,4,-1,4,8,15,-1,4,15,16,-1,16,15,17,-1,16,17,11,-1,11,17,18,-1,11,18,12,-1,12,18,19,-1,20,21,22,-1,22,21,23,-1,22,23,24,-1,24,23,25,-1,24,25,26,-1,26,25,27,-1,26,27,28,-1,28,27,29,-1,28,29,30,-1,30,29,31,-1,30,31,32,-1,32,31,33,-1,32,33,34,-1,34,33,35,-1,34,35,36,-1,36,35,37,-1,36,37,38,-1,38,37,39,-1,38,39,40,-1,40,39,41,-1,40,41,42,-1,42,41,43,-1,42,43,44,-1,44,43,45,-1,
        ]
    }
}
Shape{
    appearance Appearance {
        material  Material 	{
            diffuseColor 1.0 1.0 1.0
            specularColor 0.5019607843137255 0.5019607843137255 0.5019607843137255
            ambientIntensity 1.0
            transparency 0.0
            shininess 0.5
        }
    }
    geometry IndexedFaceSet {
        ccw TRUE
        solid FALSE
        coord DEF co Coordinate {
            point [
                0.0404 -0.4961 0.3573, 0.0404 -0.4961 0.3496, 0.0404 -0.4921 0.3573, 0.0404 -0.4921 0.3496, 0.0139 -0.4961 0.3573, 0.0139 -0.4921 0.3573, 0.0139 -0.4961 0.4164, 0.0139 -0.4921 0.4164, 0.0052 -0.4961 0.4164, 0.0052 -0.4921 0.4164, 0.0052 -0.4961 0.3496, 0.0052 -0.4921 0.3496, 0.0746 -0.4961 0.3485, 0.0746 -0.4921 0.3485, 0.0848 -0.4961 0.3495, 0.0805 -0.4921 0.3491, 0.0848 -0.4921 0.3495, 0.092 -0.4921 0.3518, 0.092 -0.4961 0.3518, 0.0931 -0.4921 0.3524, 0.0931 -0.4961 0.3524, 0.0931 -0.4961 0.3607, 0.0931 -0.4921 0.3607, 0.0866 -0.4921 0.3577, 0.0866 -0.4961 0.3577, 0.079 -0.4921 0.3563, 0.079 -0.4961 0.3563, 0.0759 -0.4921 0.3562, 0.0759 -0.4961 0.3562, 0.0691 -0.4921 0.357, 0.0691 -0.4961 0.357, 0.0644 -0.4921 0.3589, 0.0644 -0.4961 0.3589, 0.06 -0.4921 0.362, 0.06 -0.4961 0.362, 0.0587 -0.4921 0.3632, 0.0587 -0.4961 0.3632, 0.0555 -0.4921 0.3677, 0.0555 -0.4961 0.3677, 0.0533 -0.4921 0.3731, 0.0533 -0.4961 0.3731, 0.0523 -0.4921 0.3798, 0.0523 -0.4961 0.3798, 0.0522 -0.4921 0.3823, 0.0522 -0.4961 0.3823, 0.0531 -0.4921 0.3907, 0.0531 -0.4961 0.3907, 0.0552 -0.4921 0.3966, 0.0552 -0.4961 0.3966, 0.0584 -0.4921 0.4014, 0.0584 -0.4961 0.4014, 0.0592 -0.4921 0.4023, 0.0592 -0.4961 0.4023, 0.0638 -0.4921 0.4061, 0.0638 -0.4961 0.4061, 0.069 -0.4921 0.4085, 0.069 -0.4961 0.4085, 0.0748 -0.4921 0.4096, 0.0748 -0.4961 0.4096, 0.0774 -0.4921 0.4097, 0.0774 -0.4961 0.4097, 0.0856 -0.4921 0.4087, 0.0856 -0.4961 0.4087, 0.0924 -0.4921 0.4062, 0.0924 -0.4961 0.4062, 0.0931 -0.4921 0.4058, 0.0931 -0.4961 0.4058, 0.0931 -0.4961 0.4148, 0.0931 -0.4921 0.4148, 0.0773 -0.4921 0.4175, 0.0773 -0.4961 0.4175, 0.0775 -0.4961 0.4175, 0.0862 -0.4921 0.4168, 0.0862 -0.4961 0.4168, 0.0844 -0.4921 0.4169, 0.0775 -0.4921 0.4175, 0.0727 -0.4921 0.4169, 0.0676 -0.4961 0.4163, 0.0676 -0.4921 0.4163, 0.0606 -0.4921 0.4136, 0.0606 -0.4961 0.4136, 0.0544 -0.4921 0.4092, 0.0544 -0.4961 0.4092, 0.0528 -0.4921 0.4077, 0.0528 -0.4961 0.4077, 0.048 -0.4921 0.4013, 0.0461 -0.4921 0.3971, 0.0448 -0.4961 0.3939, 0.048 -0.4961 0.4013, 0.0448 -0.4921 0.3939, 0.0433 -0.4921 0.3852, 0.0433 -0.4961 0.3852, 0.0432 -0.4921 0.3817, 0.0432 -0.4961 0.3817, 0.0442 -0.4921 0.3718, 0.0442 -0.4961 0.3718, 0.0461 -0.4921 0.3665, 0.0468 -0.4961 0.3646, 0.0468 -0.4921 0.3646, 0.0507 -0.4921 0.3588, 0.0507 -0.4961 0.3588, 0.0517 -0.4921 0.3576, 0.0517 -0.4961 0.3576, 0.0706 -0.4961 0.3487, 0.0571 -0.4921 0.3532, 0.0571 -0.4961 0.3532, 0.0634 -0.4921 0.3502, 0.0634 -0.4961 0.3502, 0.0688 -0.4921 0.3491, 0.0706 -0.4921 0.3487, 0.1424 -0.4961 0.3573, 0.1424 -0.4961 0.3496, 0.1424 -0.4921 0.3573, 0.1424 -0.4921 0.3496, 0.1151 -0.4921 0.3573, 0.1151 -0.4961 0.3573, 0.1331 -0.4921 0.3573, 0.1151 -0.4961 0.3797, 0.1151 -0.4921 0.3797, 0.1389 -0.4961 0.3797, 0.1331 -0.4921 0.3797, 0.1389 -0.4921 0.3797, 0.1389 -0.4961 0.3873, 0.1389 -0.4921 0.3873, 0.1151 -0.4921 0.3873, 0.1151 -0.4961 0.3873, 0.1331 -0.4921 0.3873, 0.1151 -0.4961 0.4087, 0.1151 -0.4921 0.4087, 0.1408 -0.4961 0.4087, 0.1331 -0.4921 0.4087, 0.1408 -0.4921 0.4087, 0.1408 -0.4961 0.4164, 0.1408 -0.4921 0.4164, 0.1065 -0.4921 0.4164, 0.1065 -0.4961 0.4164, 0.1331 -0.4921 0.4164, 0.1065 -0.4961 0.3496, 0.1065 -0.4921 0.3496, 0.1331 -0.4921 0.3496, 0.1964 -0.4961 0.3683, 0.1931 -0.4961 0.3642, 0.1992 -0.4961 0.359, 0.1919 -0.4961 0.3631, 0.1924 -0.4961 0.3541, 0.1874 -0.4961 0.3602, 0.1848 -0.4961 0.3511, 0.1817 -0.4961 0.3582, 0.1733 -0.4961 0.3496, 0.1733 -0.4961 0.3573, 0.155 -0.4961 0.3496, 0.1636 -0.4961 0.3573, 0.155 -0.4961 0.4164, 0.1636 -0.4961 0.4087, 0.174 -0.4961 0.4164, 0.1737 -0.4961 0.4087, 0.1842 -0.4961 0.4152, 0.1823 -0.4961 0.4077, 0.1922 -0.4961 0.4123, 0.188 -0.4961 0.4057, 0.1992 -0.4961 0.4075, 0.1929 -0.4961 0.4024, 0.2015 -0.4961 0.4053, 0.1951 -0.4961 0.4002, 0.2057 -0.4961 0.3995, 0.1976 -0.4961 0.3964, 0.2081 -0.4961 0.3932, 0.1994 -0.4961 0.3913, 0.2093 -0.4961 0.3839, 0.2002 -0.4961 0.3836, 0.2091 -0.4961 0.3796, 0.2 -0.4961 0.3794, 0.2075 -0.4961 0.3718, 0.1987 -0.4961 0.3733, 0.2042 -0.4961 0.3649, 0.1733 -0.4921 0.3496, 0.155 -0.4921 0.3496, 0.1992 -0.4921 0.359, 0.1848 -0.4921 0.3511, 0.1855 -0.4921 0.3514, 0.1924 -0.4921 0.3541, 0.2042 -0.4921 0.3649, 0.2075 -0.4921 0.3718, 0.2091 -0.4921 0.3796, 0.2093 -0.4921 0.3839, 0.2081 -0.4921 0.3932, 0.2057 -0.4921 0.3995, 0.2015 -0.4921 0.4053, 0.1992 -0.4921 0.4075, 0.174 -0.4921 0.4164, 0.1922 -0.4921 0.4123, 0.1855 -0.4921 0.4148, 0.1842 -0.4921 0.4152, 0.155 -0.4921 0.4164, 0.1737 -0.4921 0.4087, 0.1636 -0.4921 0.4087, 0.1636 -0.4921 0.3573, 0.1733 -0.4921 0.3573, 0.1931 -0.4921 0.3642, 0.1919 -0.4921 0.3631, 0.1874 -0.4921 0.3602, 0.1817 -0.4921 0.3582, 0.2002 -0.4921 0.3836, 0.2 -0.4921 0.3794, 0.1987 -0.4921 0.3733, 0.1964 -0.4921 0.3683, 0.1929 -0.4921 0.4024, 0.1951 -0.4921 0.4002, 0.1976 -0.4921 0.3964, 0.1994 -0.4921 0.3913, 0.1823 -0.4921 0.4077, 0.188 -0.4921 0.4057
            ]
        }
        coordIndex [
            0,1,2,-1,2,1,3,-1,4,0,5,-1,5,0,2,-1,6,4,7,-1,7,4,5,-1,8,6,9,-1,9,6,7,-1,10,8,11,-1,11,8,9,-1,1,10,3,-1,3,10,11,-1,6,8,4,-1,4,8,10,-1,4,10,0,-1,0,10,1,-1,12,13,14,-1,14,13,15,-1,15,16,14,-1,14,16,17,-1,14,17,18,-1,18,17,19,-1,18,19,20,-1,21,20,22,-1,22,20,19,-1,21,22,23,-1,21,23,24,-1,24,23,25,-1,24,25,26,-1,26,25,27,-1,26,27,28,-1,28,27,29,-1,28,29,30,-1,30,29,31,-1,30,31,32,-1,32,31,33,-1,32,33,34,-1,34,33,35,-1,34,35,36,-1,36,35,37,-1,36,37,38,-1,38,37,39,-1,38,39,40,-1,40,39,41,-1,40,41,42,-1,42,41,43,-1,42,43,44,-1,44,43,45,-1,44,45,46,-1,46,45,47,-1,46,47,48,-1,48,47,49,-1,48,49,50,-1,50,49,51,-1,50,51,52,-1,52,51,53,-1,52,53,54,-1,54,53,55,-1,54,55,56,-1,56,55,57,-1,56,57,58,-1,58,57,59,-1,58,59,60,-1,60,59,61,-1,60,61,62,-1,62,61,63,-1,62,63,64,-1,64,63,65,-1,64,65,66,-1,67,66,68,-1,68,66,65,-1,69,70,71,-1,67,68,72,-1,67,72,73,-1,73,72,74,-1,73,74,71,-1,71,74,75,-1,71,75,69,-1,70,69,76,-1,70,76,77,-1,76,78,77,-1,77,78,79,-1,77,79,80,-1,80,79,81,-1,80,81,82,-1,82,81,83,-1,82,83,84,-1,84,83,85,-1,86,87,85,-1,85,87,88,-1,85,88,84,-1,86,89,87,-1,87,89,90,-1,87,90,91,-1,91,90,92,-1,91,92,93,-1,93,92,94,-1,93,94,95,-1,95,94,96,-1,95,96,97,-1,96,98,97,-1,97,98,99,-1,97,99,100,-1,100,99,101,-1,100,101,102,-1,13,12,103,-1,102,101,104,-1,102,104,105,-1,105,104,106,-1,105,106,107,-1,107,106,108,-1,107,108,103,-1,103,108,109,-1,103,109,13,-1,64,66,67,-1,46,48,88,-1,64,67,62,-1,62,67,73,-1,62,73,60,-1,60,73,71,-1,60,71,58,-1,58,71,70,-1,58,70,56,-1,56,70,77,-1,56,77,54,-1,20,21,18,-1,18,21,24,-1,18,24,14,-1,14,24,26,-1,14,26,12,-1,12,26,28,-1,12,28,103,-1,103,28,30,-1,103,30,107,-1,107,30,32,-1,107,32,105,-1,105,32,34,-1,105,34,102,-1,102,34,36,-1,102,36,100,-1,100,36,38,-1,100,38,97,-1,88,48,84,-1,77,80,54,-1,54,80,82,-1,54,82,52,-1,52,82,84,-1,52,84,50,-1,50,84,48,-1,93,44,91,-1,91,44,46,-1,91,46,87,-1,87,46,88,-1,97,38,95,-1,95,38,40,-1,95,40,93,-1,93,40,42,-1,93,42,44,-1,110,111,112,-1,112,111,113,-1,114,115,116,-1,116,115,110,-1,116,110,112,-1,117,115,118,-1,118,115,114,-1,117,118,119,-1,119,118,120,-1,119,120,121,-1,122,119,123,-1,123,119,121,-1,124,125,126,-1,126,125,122,-1,126,122,123,-1,127,125,128,-1,128,125,124,-1,127,128,129,-1,129,128,130,-1,129,130,131,-1,132,129,133,-1,133,129,131,-1,134,135,136,-1,136,135,132,-1,136,132,133,-1,137,135,138,-1,138,135,134,-1,137,138,111,-1,111,138,139,-1,111,139,113,-1,137,111,110,-1,110,115,137,-1,137,115,117,-1,137,117,135,-1,129,132,127,-1,127,132,135,-1,127,135,125,-1,125,135,117,-1,125,117,122,-1,122,117,119,-1,140,141,142,-1,142,141,143,-1,142,143,144,-1,144,143,145,-1,144,145,146,-1,146,145,147,-1,146,147,148,-1,148,147,149,-1,148,149,150,-1,150,149,151,-1,150,151,152,-1,152,151,153,-1,152,153,154,-1,154,153,155,-1,154,155,156,-1,156,155,157,-1,156,157,158,-1,158,157,159,-1,158,159,160,-1,160,159,161,-1,160,161,162,-1,162,161,163,-1,162,163,164,-1,164,163,165,-1,164,165,166,-1,166,165,167,-1,166,167,168,-1,168,167,169,-1,168,169,170,-1,170,169,171,-1,170,171,172,-1,172,171,173,-1,172,173,174,-1,174,173,140,-1,174,140,142,-1,148,150,175,-1,175,150,176,-1,177,142,144,-1,148,175,178,-1,148,178,146,-1,146,178,179,-1,146,179,144,-1,144,179,180,-1,144,180,177,-1,142,177,181,-1,142,181,174,-1,174,181,182,-1,174,182,172,-1,172,182,183,-1,172,183,170,-1,170,183,184,-1,170,184,168,-1,168,184,185,-1,168,185,166,-1,166,185,186,-1,166,186,164,-1,164,186,187,-1,164,187,162,-1,162,187,188,-1,162,188,160,-1,189,154,156,-1,160,188,190,-1,160,190,158,-1,158,190,191,-1,158,191,156,-1,156,191,192,-1,156,192,189,-1,152,154,193,-1,193,154,189,-1,150,152,176,-1,176,152,193,-1,155,153,194,-1,194,153,195,-1,153,151,195,-1,195,151,196,-1,151,149,196,-1,196,149,197,-1,141,198,199,-1,141,199,143,-1,143,199,200,-1,143,200,145,-1,145,200,201,-1,145,201,147,-1,147,201,197,-1,147,197,149,-1,169,202,203,-1,169,203,171,-1,171,203,204,-1,171,204,173,-1,173,204,205,-1,173,205,140,-1,140,205,198,-1,140,198,141,-1,161,206,207,-1,161,207,163,-1,163,207,208,-1,163,208,165,-1,165,208,209,-1,165,209,167,-1,167,209,202,-1,167,202,169,-1,155,194,210,-1,155,210,157,-1,157,210,211,-1,157,211,159,-1,159,211,206,-1,159,206,161,-1,
        ]
    }
}
Shape{
    appearance Appearance {
        material  Material 	{
            diffuseColor 0.25098039215686274 0.25098039215686274 0.25098039215686274
            specularColor 0.2196078431372549 0.2196078431372549 0.2196078431372549
            ambientIntensity 0.251
            transparency 0.0
            shininess 0.5
        }
    }
    geometry IndexedFaceSet {
        ccw TRUE
        solid FALSE
        coord DEF co Coordinate {
            point [
                0.1636 -0.4921 0.4087, 0.1636 -0.4921 0.3573, 0.1737 -0.4921 0.4087, 0.1733 -0.4921 0.3573, 0.1817 -0.4921 0.3582, 0.1874 -0.4921 0.3602, 0.1919 -0.4921 0.3631, 0.1931 -0.4921 0.3642, 0.1964 -0.4921 0.3683, 0.1987 -0.4921 0.3733, 0.2 -0.4921 0.3794, 0.2002 -0.4921 0.3836, 0.1994 -0.4921 0.3913, 0.1976 -0.4921 0.3964, 0.1951 -0.4921 0.4002, 0.1929 -0.4921 0.4024, 0.1823 -0.4921 0.4077, 0.188 -0.4921 0.4057
            ]
        }
        coordIndex [
            0,1,2,-1,2,1,3,-1,2,3,4,-1,4,5,2,-1,2,5,6,-1,2,6,7,-1,7,8,2,-1,2,8,9,-1,2,9,10,-1,10,11,2,-1,2,11,12,-1,2,12,13,-1,13,14,2,-1,2,14,15,-1,2,15,16,-1,16,15,17,-1,
        ]
    }
}
Shape{
    appearance Appearance {
        material  Material 	{
            diffuseColor 1.0 1.0 1.0
            specularColor 0.5019607843137255 0.5019607843137255 0.5019607843137255
            ambientIntensity 1.0
            transparency 0.0
            shininess 0.5
        }
    }
    geometry IndexedFaceSet {
        ccw TRUE
        solid FALSE
        coord DEF co Coordinate {
            point [
                0.2316 -0.4961 0.3754, 0.2289 -0.4961 0.3679, 0.254 -0.4961 0.3754, 0.2567 -0.4961 0.3679, 0.2416 -0.4961 0.4032, 0.2384 -0.4961 0.4164, 0.213 -0.4961 0.3496, 0.2225 -0.4961 0.3496, 0.2422 -0.4961 0.4052, 0.2427 -0.4961 0.4078, 0.2476 -0.4961 0.4164, 0.2429 -0.4961 0.4078, 0.2435 -0.4961 0.405, 0.244 -0.4961 0.4032, 0.273 -0.4961 0.3496, 0.2635 -0.4961 0.3496, 0.2476 -0.4921 0.4164, 0.273 -0.4921 0.3496, 0.2384 -0.4921 0.4164, 0.213 -0.4921 0.3496, 0.2322 -0.4921 0.4001, 0.2225 -0.4921 0.3496, 0.2289 -0.4921 0.3679, 0.2567 -0.4921 0.3679, 0.2322 -0.4921 0.3679, 0.2635 -0.4921 0.3496, 0.2316 -0.4921 0.3754, 0.254 -0.4921 0.3754, 0.244 -0.4921 0.4032, 0.2429 -0.4921 0.4078, 0.2435 -0.4921 0.405, 0.2427 -0.4921 0.4078, 0.2416 -0.4921 0.4032, 0.2422 -0.4921 0.4052
            ]
        }
        coordIndex [
            0,1,2,-1,2,1,3,-1,4,5,0,-1,0,5,6,-1,0,6,1,-1,1,6,7,-1,4,8,5,-1,5,8,9,-1,5,9,10,-1,10,9,11,-1,10,11,12,-1,12,13,10,-1,10,13,2,-1,10,2,14,-1,14,2,3,-1,14,3,15,-1,10,14,16,-1,16,14,17,-1,5,10,18,-1,18,10,16,-1,19,6,20,-1,20,6,5,-1,20,5,18,-1,7,6,21,-1,21,6,19,-1,1,7,22,-1,22,7,21,-1,23,3,24,-1,24,3,1,-1,24,1,22,-1,15,3,25,-1,25,3,23,-1,14,15,17,-1,17,15,25,-1,0,2,26,-1,26,2,27,-1,2,13,27,-1,27,13,28,-1,11,29,30,-1,11,30,12,-1,12,30,28,-1,12,28,13,-1,11,9,29,-1,29,9,31,-1,4,32,33,-1,4,33,8,-1,8,33,31,-1,8,31,9,-1,4,0,32,-1,32,0,26,-1,
        ]
    }
}
Shape{
    appearance Appearance {
        material  Material 	{
            diffuseColor 0.25098039215686274 0.25098039215686274 0.25098039215686274
            specularColor 0.2196078431372549 0.2196078431372549 0.2196078431372549
            ambientIntensity 0.251
            transparency 0.0
            shininess 0.5
        }
    }
    geometry IndexedFaceSet {
        ccw TRUE
        solid FALSE
        coord DEF co Coordinate {
            point [
                0.2429 -0.4921 0.4078, 0.2427 -0.4921 0.4078, 0.2435 -0.4921 0.405, 0.2422 -0.4921 0.4052, 0.244 -0.4921 0.4032, 0.2416 -0.4921 0.4032, 0.254 -0.4921 0.3754, 0.2316 -0.4921 0.3754
            ]
        }
        coordIndex [
            0,1,2,-1,2,1,3,-1,2,3,4,-1,4,3,5,-1,4,5,6,-1,6,5,7,-1,
        ]
    }
}
Shape{
    appearance Appearance {
        material  Material 	{
            diffuseColor 1.0 1.0 1.0
            specularColor 0.5019607843137255 0.5019607843137255 0.5019607843137255
            ambientIntensity 1.0
            transparency 0.0
            shininess 0.5
        }
    }
    geometry IndexedFaceSet {
        ccw TRUE
        solid FALSE
        coord DEF co Coordinate {
            point [
                0.0411 -0.4961 0.2514, 0.0411 -0.4961 0.2438, 0.0411 -0.4921 0.2514, 0.0411 -0.4921 0.2438, 0.0139 -0.4961 0.2514, 0.0139 -0.4921 0.2514, 0.0139 -0.4961 0.2738, 0.0139 -0.4921 0.2738, 0.0377 -0.4961 0.2738, 0.0377 -0.4921 0.2738, 0.0377 -0.4961 0.2815, 0.0377 -0.4921 0.2815, 0.0139 -0.4961 0.2815, 0.0139 -0.4921 0.2815, 0.0139 -0.4961 0.3028, 0.0139 -0.4921 0.3028, 0.0396 -0.4961 0.3028, 0.0396 -0.4921 0.3028, 0.0396 -0.4961 0.3105, 0.0396 -0.4921 0.3105, 0.0052 -0.4961 0.3105, 0.0052 -0.4921 0.3105, 0.0052 -0.4961 0.2438, 0.0052 -0.4921 0.2438, 0.0874 -0.4961 0.2745, 0.0791 -0.4961 0.2677, 0.0791 -0.4961 0.2631, 0.0788 -0.4961 0.2512, 0.0791 -0.4961 0.2512, 0.0785 -0.4961 0.2589, 0.0791 -0.4961 0.2438, 0.0874 -0.4961 0.2438, 0.0584 -0.4961 0.2538, 0.052 -0.4961 0.2477, 0.0593 -0.4961 0.2524, 0.0532 -0.4961 0.2464, 0.06 -0.4961 0.2517, 0.0558 -0.4961 0.2446, 0.0617 -0.4961 0.2505, 0.0589 -0.4961 0.2433, 0.0636 -0.4961 0.2498, 0.0628 -0.4961 0.2427, 0.0664 -0.4961 0.2495, 0.0586 -0.4961 0.2705, 0.0609 -0.4961 0.2641, 0.063 -0.4961 0.2651, 0.0773 -0.4961 0.256, 0.0755 -0.4961 0.2534, 0.0769 -0.4961 0.2484, 0.0745 -0.4961 0.2525, 0.0742 -0.4961 0.2458, 0.0722 -0.4961 0.2508, 0.0722 -0.4961 0.2445, 0.0697 -0.4961 0.2499, 0.0689 -0.4961 0.2432, 0.0642 -0.4961 0.2427, 0.0649 -0.4961 0.2721, 0.0679 -0.4961 0.2662, 0.0791 -0.4961 0.2741, 0.0538 -0.4961 0.2881, 0.0538 -0.4961 0.28, 0.0554 -0.4961 0.2891, 0.0596 -0.4961 0.2836, 0.0616 -0.4961 0.2915, 0.0648 -0.4961 0.2853, 0.0702 -0.4961 0.2925, 0.0694 -0.4961 0.2858, 0.0751 -0.4961 0.2921, 0.0726 -0.4961 0.2854, 0.0787 -0.4961 0.291, 0.0744 -0.4961 0.2847, 0.0815 -0.4961 0.2895, 0.0759 -0.4961 0.2837, 0.0837 -0.4961 0.2873, 0.0771 -0.4961 0.2823, 0.0854 -0.4961 0.2847, 0.078 -0.4961 0.2805, 0.0867 -0.4961 0.2809, 0.0788 -0.4961 0.2773, 0.0577 -0.4961 0.2586, 0.0491 -0.4961 0.2575, 0.0576 -0.4961 0.2572, 0.0491 -0.4961 0.2566, 0.0578 -0.4961 0.2553, 0.0495 -0.4961 0.2529, 0.0505 -0.4961 0.25, 0.0598 -0.4961 0.2633, 0.0551 -0.4961 0.2687, 0.0588 -0.4961 0.262, 0.0525 -0.4961 0.2665, 0.0581 -0.4961 0.2605, 0.0508 -0.4961 0.2641, 0.0497 -0.4961 0.2612, 0.0702 -0.4921 0.2925, 0.0616 -0.4921 0.2915, 0.0554 -0.4921 0.2891, 0.0538 -0.4921 0.2881, 0.0538 -0.4921 0.28, 0.0596 -0.4921 0.2836, 0.0648 -0.4921 0.2853, 0.0694 -0.4921 0.2858, 0.0726 -0.4921 0.2854, 0.0744 -0.4921 0.2847, 0.0759 -0.4921 0.2837, 0.0771 -0.4921 0.2823, 0.078 -0.4921 0.2805, 0.0788 -0.4921 0.2773, 0.0791 -0.4921 0.2741, 0.0649 -0.4921 0.2721, 0.0586 -0.4921 0.2705, 0.0551 -0.4921 0.2687, 0.0525 -0.4921 0.2665, 0.0508 -0.4921 0.2641, 0.0497 -0.4921 0.2612, 0.0491 -0.4921 0.2575, 0.0491 -0.4921 0.2566, 0.0495 -0.4921 0.2529, 0.0505 -0.4921 0.25, 0.052 -0.4921 0.2477, 0.0532 -0.4921 0.2464, 0.0642 -0.4921 0.2427, 0.0558 -0.4921 0.2446, 0.0589 -0.4921 0.2433, 0.0596 -0.4921 0.2432, 0.0628 -0.4921 0.2427, 0.0689 -0.4921 0.2432, 0.0689 -0.4921 0.2432, 0.0722 -0.4921 0.2445, 0.0742 -0.4921 0.2458, 0.0769 -0.4921 0.2484, 0.0788 -0.4921 0.2512, 0.0791 -0.4921 0.2512, 0.0791 -0.4921 0.2438, 0.0874 -0.4921 0.2438, 0.0874 -0.4921 0.2745, 0.0867 -0.4921 0.2809, 0.0854 -0.4921 0.2847, 0.0837 -0.4921 0.2873, 0.0815 -0.4921 0.2895, 0.0787 -0.4921 0.291, 0.0751 -0.4921 0.2921, 0.0598 -0.4921 0.2633, 0.0609 -0.4921 0.2641, 0.063 -0.4921 0.2651, 0.0679 -0.4921 0.2662, 0.0576 -0.4921 0.2572, 0.0577 -0.4921 0.2586, 0.0581 -0.4921 0.2605, 0.0588 -0.4921 0.262, 0.06 -0.4921 0.2517, 0.0593 -0.4921 0.2524, 0.0584 -0.4921 0.2538, 0.0578 -0.4921 0.2553, 0.0664 -0.4921 0.2495, 0.0636 -0.4921 0.2498, 0.0617 -0.4921 0.2505, 0.0755 -0.4921 0.2534, 0.0745 -0.4921 0.2525, 0.0722 -0.4921 0.2508, 0.0697 -0.4921 0.2499, 0.0791 -0.4921 0.2631, 0.0785 -0.4921 0.2589, 0.0773 -0.4921 0.256, 0.0791 -0.4921 0.2677
            ]
        }
        coordIndex [
            0,1,2,-1,2,1,3,-1,4,0,5,-1,5,0,2,-1,6,4,7,-1,7,4,5,-1,8,6,9,-1,9,6,7,-1,10,8,11,-1,11,8,9,-1,12,10,13,-1,13,10,11,-1,14,12,15,-1,15,12,13,-1,16,14,17,-1,17,14,15,-1,18,16,19,-1,19,16,17,-1,20,18,21,-1,21,18,19,-1,22,20,23,-1,23,20,21,-1,1,22,3,-1,3,22,23,-1,22,1,0,-1,0,4,22,-1,22,4,6,-1,22,6,20,-1,16,18,14,-1,14,18,20,-1,14,20,12,-1,12,20,6,-1,12,6,10,-1,10,6,8,-1,24,25,26,-1,27,28,29,-1,30,31,28,-1,28,31,24,-1,28,24,29,-1,29,24,26,-1,32,33,34,-1,34,33,35,-1,34,35,36,-1,36,35,37,-1,36,37,38,-1,38,37,39,-1,38,39,40,-1,40,39,41,-1,40,41,42,-1,43,44,45,-1,29,46,27,-1,27,46,47,-1,27,47,48,-1,48,47,49,-1,48,49,50,-1,50,49,51,-1,50,51,52,-1,52,51,53,-1,52,53,54,-1,54,53,42,-1,54,42,55,-1,55,42,41,-1,43,45,56,-1,56,45,57,-1,56,57,58,-1,59,60,61,-1,61,60,62,-1,61,62,63,-1,63,62,64,-1,63,64,65,-1,65,64,66,-1,65,66,67,-1,67,66,68,-1,67,68,69,-1,69,68,70,-1,69,70,71,-1,71,70,72,-1,71,72,73,-1,73,72,74,-1,73,74,75,-1,75,74,76,-1,75,76,77,-1,77,76,78,-1,77,78,24,-1,24,78,58,-1,24,58,25,-1,25,58,57,-1,79,80,81,-1,81,80,82,-1,81,82,83,-1,83,82,84,-1,83,84,32,-1,32,84,85,-1,32,85,33,-1,44,43,86,-1,86,43,87,-1,86,87,88,-1,88,87,89,-1,88,89,90,-1,90,89,91,-1,90,91,79,-1,79,91,92,-1,79,92,80,-1,65,93,94,-1,65,94,63,-1,63,94,95,-1,63,95,61,-1,61,95,96,-1,61,96,59,-1,60,59,97,-1,97,59,96,-1,60,97,98,-1,60,98,62,-1,62,98,99,-1,62,99,64,-1,64,99,100,-1,64,100,66,-1,66,100,101,-1,66,101,68,-1,68,101,102,-1,68,102,70,-1,70,102,103,-1,70,103,72,-1,72,103,104,-1,72,104,74,-1,74,104,105,-1,74,105,76,-1,76,105,106,-1,76,106,78,-1,78,106,107,-1,78,107,58,-1,56,58,108,-1,108,58,107,-1,56,108,109,-1,56,109,43,-1,43,109,110,-1,43,110,87,-1,87,110,111,-1,87,111,89,-1,89,111,112,-1,89,112,91,-1,91,112,113,-1,91,113,92,-1,92,113,114,-1,92,114,80,-1,80,114,115,-1,80,115,82,-1,82,115,116,-1,82,116,84,-1,84,116,117,-1,84,117,85,-1,85,117,118,-1,85,118,33,-1,33,118,119,-1,33,119,35,-1,120,55,41,-1,35,119,121,-1,35,121,37,-1,37,121,122,-1,37,122,39,-1,39,122,123,-1,39,123,41,-1,41,123,124,-1,41,124,120,-1,55,120,125,-1,126,52,125,-1,125,52,54,-1,125,54,55,-1,126,127,52,-1,52,127,128,-1,52,128,50,-1,50,128,129,-1,50,129,48,-1,48,129,130,-1,48,130,27,-1,28,27,131,-1,131,27,130,-1,30,28,132,-1,132,28,131,-1,31,30,133,-1,133,30,132,-1,24,31,134,-1,134,31,133,-1,24,134,135,-1,24,135,77,-1,77,135,136,-1,77,136,75,-1,75,136,137,-1,75,137,73,-1,73,137,138,-1,73,138,71,-1,71,138,139,-1,71,139,69,-1,69,139,140,-1,69,140,67,-1,67,140,93,-1,67,93,65,-1,86,141,142,-1,86,142,44,-1,44,142,143,-1,44,143,45,-1,45,143,144,-1,45,144,57,-1,81,145,146,-1,81,146,79,-1,79,146,147,-1,79,147,90,-1,90,147,148,-1,90,148,88,-1,88,148,141,-1,88,141,86,-1,36,149,150,-1,36,150,34,-1,34,150,151,-1,34,151,32,-1,32,151,152,-1,32,152,83,-1,83,152,145,-1,83,145,81,-1,42,153,154,-1,42,154,40,-1,40,154,155,-1,40,155,38,-1,38,155,149,-1,38,149,36,-1,47,156,157,-1,47,157,49,-1,49,157,158,-1,49,158,51,-1,51,158,159,-1,51,159,53,-1,53,159,153,-1,53,153,42,-1,26,160,161,-1,26,161,29,-1,29,161,162,-1,29,162,46,-1,46,162,156,-1,46,156,47,-1,26,25,160,-1,160,25,163,-1,25,57,163,-1,163,57,144,-1,
        ]
    }
}
Shape{
    appearance Appearance {
        material  Material 	{
            diffuseColor 0.25098039215686274 0.25098039215686274 0.25098039215686274
            specularColor 0.2196078431372549 0.2196078431372549 0.2196078431372549
            ambientIntensity 0.251
            transparency 0.0
            shininess 0.5
        }
    }
    geometry IndexedFaceSet {
        ccw TRUE
        solid FALSE
        coord DEF co Coordinate {
            point [
                0.0745 -0.4921 0.2525, 0.0755 -0.4921 0.2534, 0.0679 -0.4921 0.2662, 0.0773 -0.4921 0.256, 0.0697 -0.4921 0.2499, 0.063 -0.4921 0.2651, 0.0609 -0.4921 0.2641, 0.0722 -0.4921 0.2508, 0.0785 -0.4921 0.2589, 0.0791 -0.4921 0.2631, 0.0791 -0.4921 0.2677, 0.0581 -0.4921 0.2605, 0.0577 -0.4921 0.2586, 0.0576 -0.4921 0.2572, 0.0578 -0.4921 0.2553, 0.0617 -0.4921 0.2505, 0.0636 -0.4921 0.2498, 0.06 -0.4921 0.2517, 0.0664 -0.4921 0.2495, 0.0598 -0.4921 0.2633, 0.0588 -0.4921 0.262, 0.0584 -0.4921 0.2538, 0.0593 -0.4921 0.2524
            ]
        }
        coordIndex [
            0,1,2,-1,2,1,3,-1,4,5,6,-1,5,4,2,-1,2,4,7,-1,2,7,0,-1,3,8,2,-1,2,8,9,-1,2,9,10,-1,11,12,4,-1,4,12,13,-1,4,13,14,-1,15,16,17,-1,17,16,18,-1,17,18,4,-1,6,19,4,-1,4,19,20,-1,4,20,11,-1,14,21,4,-1,4,21,22,-1,4,22,17,-1,
        ]
    }
}
Shape{
    appearance Appearance {
        material  Material 	{
            diffuseColor 1.0 1.0 1.0
            specularColor 0.5019607843137255 0.5019607843137255 0.5019607843137255
            ambientIntensity 1.0
            transparency 0.0
            shininess 0.5
        }
    }
    geometry IndexedFaceSet {
        ccw TRUE
        solid FALSE
        coord DEF co Coordinate {
            point [
                0.0987 -0.4921 0.2541, 0.0987 -0.4961 0.2541, 0.1017 -0.4961 0.2522, 0.1125 -0.4961 0.2495, 0.1125 -0.4921 0.2495, 0.107 -0.4921 0.2502, 0.107 -0.4961 0.2502, 0.1026 -0.4921 0.2519, 0.1017 -0.4921 0.2522, 0.0987 -0.4961 0.2455, 0.0987 -0.4921 0.2455, 0.1026 -0.4921 0.2441, 0.1046 -0.4961 0.2434, 0.1117 -0.4921 0.2427, 0.1117 -0.4961 0.2427, 0.1063 -0.4921 0.2432, 0.1046 -0.4921 0.2434, 0.1169 -0.4921 0.2432, 0.1186 -0.4961 0.2434, 0.1186 -0.4921 0.2434, 0.1232 -0.4921 0.245, 0.1232 -0.4961 0.245, 0.1256 -0.4921 0.2465, 0.1256 -0.4961 0.2465, 0.128 -0.4921 0.2486, 0.128 -0.4961 0.2486, 0.1296 -0.4921 0.2508, 0.1296 -0.4961 0.2508, 0.1306 -0.4921 0.2535, 0.1306 -0.4961 0.2535, 0.1309 -0.4921 0.2568, 0.1309 -0.4961 0.2568, 0.1306 -0.4921 0.26, 0.1306 -0.4961 0.26, 0.1296 -0.4921 0.2624, 0.1296 -0.4961 0.2624, 0.1281 -0.4921 0.2646, 0.1281 -0.4961 0.2646, 0.1261 -0.4921 0.2664, 0.1261 -0.4961 0.2664, 0.1206 -0.4921 0.2695, 0.1206 -0.4961 0.2695, 0.1174 -0.4921 0.2708, 0.1174 -0.4961 0.2708, 0.1122 -0.4921 0.2731, 0.1122 -0.4961 0.2731, 0.1092 -0.4921 0.2749, 0.1092 -0.4961 0.2749, 0.1084 -0.4921 0.2758, 0.1084 -0.4961 0.2758, 0.1078 -0.4921 0.2769, 0.1078 -0.4961 0.2769, 0.1075 -0.4921 0.2782, 0.1075 -0.4961 0.2782, 0.1074 -0.4921 0.2793, 0.1074 -0.4961 0.2793, 0.1076 -0.4921 0.2807, 0.1076 -0.4961 0.2807, 0.108 -0.4921 0.2818, 0.108 -0.4961 0.2818, 0.1087 -0.4921 0.2829, 0.1087 -0.4961 0.2829, 0.1099 -0.4921 0.284, 0.1099 -0.4961 0.284, 0.1118 -0.4921 0.285, 0.1118 -0.4961 0.285, 0.1141 -0.4921 0.2856, 0.1141 -0.4961 0.2856, 0.1165 -0.4921 0.2858, 0.1165 -0.4961 0.2858, 0.1224 -0.4921 0.285, 0.1224 -0.4961 0.285, 0.1271 -0.4921 0.2832, 0.1271 -0.4961 0.2832, 0.1286 -0.4921 0.2823, 0.1286 -0.4961 0.2823, 0.1286 -0.4961 0.2904, 0.1286 -0.4921 0.2904, 0.1232 -0.4921 0.292, 0.1232 -0.4961 0.292, 0.1174 -0.4921 0.2925, 0.1174 -0.4961 0.2925, 0.1106 -0.4921 0.2917, 0.1106 -0.4961 0.2917, 0.1062 -0.4921 0.29, 0.1062 -0.4961 0.29, 0.1042 -0.4921 0.2888, 0.1042 -0.4961 0.2888, 0.1026 -0.4921 0.2874, 0.1016 -0.4961 0.2865, 0.1016 -0.4921 0.2865, 0.1001 -0.4921 0.2842, 0.1001 -0.4961 0.2842, 0.0991 -0.4921 0.2815, 0.0991 -0.4961 0.2815, 0.0988 -0.4921 0.2786, 0.0988 -0.4961 0.2786, 0.0992 -0.4921 0.2753, 0.0992 -0.4961 0.2753, 0.1001 -0.4921 0.2727, 0.1001 -0.4961 0.2727, 0.1012 -0.4921 0.2711, 0.1012 -0.4961 0.2711, 0.1115 -0.4921 0.2647, 0.1115 -0.4961 0.2647, 0.1065 -0.4961 0.267, 0.1025 -0.4921 0.2696, 0.1025 -0.4961 0.2696, 0.1026 -0.4921 0.2696, 0.1065 -0.4921 0.267, 0.1169 -0.4921 0.2624, 0.1169 -0.4961 0.2624, 0.1202 -0.4921 0.2605, 0.1202 -0.4961 0.2605, 0.1212 -0.4921 0.2594, 0.1212 -0.4961 0.2594, 0.1219 -0.4921 0.2583, 0.1219 -0.4961 0.2583, 0.1223 -0.4921 0.257, 0.1223 -0.4961 0.257, 0.1223 -0.4921 0.2559, 0.1223 -0.4961 0.2559, 0.1222 -0.4921 0.2543, 0.1222 -0.4961 0.2543, 0.1218 -0.4921 0.2532, 0.1218 -0.4961 0.2532, 0.121 -0.4921 0.2521, 0.121 -0.4961 0.2521, 0.1201 -0.4921 0.2512, 0.1201 -0.4961 0.2512, 0.1193 -0.4921 0.2508, 0.1193 -0.4961 0.2508, 0.1171 -0.4921 0.25, 0.1171 -0.4961 0.25, 0.1129 -0.4921 0.2495, 0.1129 -0.4961 0.2495, 0.1724 -0.4961 0.2914, 0.181 -0.4961 0.2914, 0.1724 -0.4921 0.2914, 0.181 -0.4921 0.2914, 0.1593 -0.4961 0.2556, 0.1593 -0.4921 0.2556, 0.1587 -0.4921 0.2533, 0.1587 -0.4961 0.2533, 0.1583 -0.4921 0.2517, 0.1583 -0.4961 0.2517, 0.1581 -0.4961 0.2517, 0.1581 -0.4921 0.2517, 0.1571 -0.4961 0.2556, 0.1571 -0.4921 0.2556, 0.1446 -0.4921 0.2914, 0.1446 -0.4961 0.2914, 0.1487 -0.4921 0.2798, 0.1353 -0.4961 0.2914, 0.1353 -0.4921 0.2914, 0.154 -0.4921 0.2439, 0.154 -0.4961 0.2439, 0.1487 -0.4921 0.2574, 0.1503 -0.4921 0.2352, 0.1503 -0.4961 0.2352, 0.1537 -0.4921 0.2432, 0.1487 -0.4921 0.2323, 0.1486 -0.4961 0.2321, 0.1486 -0.4921 0.2321, 0.147 -0.4921 0.2304, 0.147 -0.4961 0.2304, 0.1459 -0.4921 0.2296, 0.1459 -0.4961 0.2296, 0.1441 -0.4921 0.2288, 0.1441 -0.4961 0.2288, 0.1422 -0.4921 0.2285, 0.1422 -0.4961 0.2285, 0.1417 -0.4921 0.2285, 0.1417 -0.4961 0.2285, 0.1388 -0.4921 0.2289, 0.1388 -0.4961 0.2289, 0.137 -0.4921 0.2295, 0.137 -0.4961 0.2295, 0.137 -0.4961 0.222, 0.137 -0.4921 0.222, 0.1395 -0.4921 0.2215, 0.1395 -0.4961 0.2215, 0.1424 -0.4921 0.2213, 0.1424 -0.4961 0.2213, 0.1457 -0.4921 0.2217, 0.1457 -0.4961 0.2217, 0.1487 -0.4921 0.2228, 0.149 -0.4961 0.223, 0.149 -0.4921 0.223, 0.152 -0.4921 0.225, 0.152 -0.4961 0.225, 0.1526 -0.4921 0.2256, 0.1526 -0.4961 0.2256, 0.1557 -0.4921 0.2294, 0.1557 -0.4961 0.2294, 0.1594 -0.4921 0.2366, 0.1594 -0.4961 0.2366, 0.162 -0.4921 0.2432, 0.2259 -0.4961 0.2514, 0.2259 -0.4961 0.2438, 0.2259 -0.4921 0.2514, 0.2259 -0.4921 0.2438, 0.1986 -0.4921 0.2514, 0.1986 -0.4961 0.2514, 0.2111 -0.4921 0.2514, 0.1986 -0.4961 0.2738, 0.1986 -0.4921 0.2738, 0.2225 -0.4961 0.2738, 0.2111 -0.4921 0.2738, 0.2225 -0.4921 0.2738, 0.2225 -0.4961 0.2815, 0.2225 -0.4921 0.2815, 0.1986 -0.4921 0.2815, 0.1986 -0.4961 0.2815, 0.2111 -0.4921 0.2815, 0.1986 -0.4961 0.3028, 0.1986 -0.4921 0.3028, 0.2244 -0.4921 0.3028, 0.2244 -0.4961 0.3028, 0.2111 -0.4921 0.3028, 0.2244 -0.4961 0.3105, 0.2244 -0.4921 0.3105, 0.19 -0.4921 0.3105, 0.19 -0.4961 0.3105, 0.2111 -0.4921 0.3105, 0.19 -0.4961 0.2438, 0.19 -0.4921 0.2438, 0.2111 -0.4921 0.2438, 0.28 -0.4961 0.2625, 0.2767 -0.4961 0.2584, 0.2828 -0.4961 0.2531, 0.2754 -0.4961 0.2572, 0.2759 -0.4961 0.2482, 0.271 -0.4961 0.2543, 0.2683 -0.4961 0.2452, 0.2653 -0.4961 0.2523, 0.2569 -0.4961 0.2438, 0.2568 -0.4961 0.2514, 0.2385 -0.4961 0.2438, 0.2471 -0.4961 0.2514, 0.2385 -0.4961 0.3105, 0.2471 -0.4961 0.3028, 0.2576 -0.4961 0.3105, 0.2572 -0.4961 0.3028, 0.2677 -0.4961 0.3094, 0.2658 -0.4961 0.3019, 0.2758 -0.4961 0.3065, 0.2716 -0.4961 0.2998, 0.2828 -0.4961 0.3017, 0.2765 -0.4961 0.2966, 0.2851 -0.4961 0.2995, 0.2787 -0.4961 0.2943, 0.2892 -0.4961 0.2937, 0.2812 -0.4961 0.2905, 0.2917 -0.4961 0.2873, 0.283 -0.4961 0.2855, 0.2928 -0.4961 0.278, 0.2838 -0.4961 0.2778, 0.2926 -0.4961 0.2738, 0.2836 -0.4961 0.2735, 0.291 -0.4961 0.266, 0.2823 -0.4961 0.2674, 0.2878 -0.4961 0.2591, 0.2569 -0.4921 0.2438, 0.2385 -0.4921 0.2438, 0.2683 -0.4921 0.2452, 0.2759 -0.4921 0.2482, 0.2828 -0.4921 0.2531, 0.2878 -0.4921 0.2591, 0.291 -0.4921 0.266, 0.2926 -0.4921 0.2738, 0.2928 -0.4921 0.278, 0.2917 -0.4921 0.2873, 0.2892 -0.4921 0.2937, 0.2851 -0.4921 0.2995, 0.2828 -0.4921 0.3017, 0.2758 -0.4921 0.3065, 0.2677 -0.4921 0.3094, 0.2576 -0.4921 0.3105, 0.2385 -0.4921 0.3105, 0.2572 -0.4921 0.3028, 0.2471 -0.4921 0.3028, 0.2471 -0.4921 0.2514, 0.2568 -0.4921 0.2514, 0.2767 -0.4921 0.2584, 0.2754 -0.4921 0.2572, 0.271 -0.4921 0.2543, 0.2653 -0.4921 0.2523, 0.2838 -0.4921 0.2778, 0.2836 -0.4921 0.2735, 0.2823 -0.4921 0.2674, 0.28 -0.4921 0.2625, 0.2765 -0.4921 0.2966, 0.2787 -0.4921 0.2943, 0.2812 -0.4921 0.2905, 0.283 -0.4921 0.2855, 0.2658 -0.4921 0.3019, 0.2716 -0.4921 0.2998
            ]
        }
        coordIndex [
            0,1,2,-1,3,4,5,-1,3,5,6,-1,6,5,7,-1,6,7,2,-1,2,7,8,-1,2,8,0,-1,9,1,10,-1,10,1,0,-1,10,11,9,-1,9,11,12,-1,13,14,15,-1,15,14,12,-1,15,12,16,-1,16,12,11,-1,13,17,14,-1,14,17,18,-1,17,19,18,-1,18,19,20,-1,18,20,21,-1,21,20,22,-1,21,22,23,-1,23,22,24,-1,23,24,25,-1,25,24,26,-1,25,26,27,-1,27,26,28,-1,27,28,29,-1,29,28,30,-1,29,30,31,-1,31,30,32,-1,31,32,33,-1,33,32,34,-1,33,34,35,-1,35,34,36,-1,35,36,37,-1,37,36,38,-1,37,38,39,-1,39,38,40,-1,39,40,41,-1,41,40,42,-1,41,42,43,-1,43,42,44,-1,43,44,45,-1,45,44,46,-1,45,46,47,-1,47,46,48,-1,47,48,49,-1,49,48,50,-1,49,50,51,-1,51,50,52,-1,51,52,53,-1,53,52,54,-1,53,54,55,-1,55,54,56,-1,55,56,57,-1,57,56,58,-1,57,58,59,-1,59,58,60,-1,59,60,61,-1,61,60,62,-1,61,62,63,-1,63,62,64,-1,63,64,65,-1,65,64,66,-1,65,66,67,-1,67,66,68,-1,67,68,69,-1,69,68,70,-1,69,70,71,-1,71,70,72,-1,71,72,73,-1,73,72,74,-1,73,74,75,-1,76,75,77,-1,77,75,74,-1,76,77,78,-1,76,78,79,-1,79,78,80,-1,79,80,81,-1,81,80,82,-1,81,82,83,-1,83,82,84,-1,83,84,85,-1,85,84,86,-1,85,86,87,-1,86,88,87,-1,87,88,89,-1,88,90,89,-1,89,90,91,-1,89,91,92,-1,92,91,93,-1,92,93,94,-1,94,93,95,-1,94,95,96,-1,96,95,97,-1,96,97,98,-1,98,97,99,-1,98,99,100,-1,100,99,101,-1,100,101,102,-1,103,104,105,-1,102,101,106,-1,102,106,107,-1,107,106,108,-1,107,108,105,-1,105,108,109,-1,105,109,103,-1,104,103,110,-1,104,110,111,-1,111,110,112,-1,111,112,113,-1,113,112,114,-1,113,114,115,-1,115,114,116,-1,115,116,117,-1,117,116,118,-1,117,118,119,-1,119,118,120,-1,119,120,121,-1,121,120,122,-1,121,122,123,-1,123,122,124,-1,123,124,125,-1,125,124,126,-1,125,126,127,-1,127,126,128,-1,127,128,129,-1,129,128,130,-1,129,130,131,-1,131,130,132,-1,131,132,133,-1,133,132,134,-1,133,134,135,-1,135,134,4,-1,135,4,3,-1,59,61,87,-1,87,61,85,-1,85,61,63,-1,85,63,83,-1,125,25,27,-1,111,43,104,-1,104,43,45,-1,125,27,123,-1,123,27,29,-1,123,29,121,-1,121,29,31,-1,121,31,119,-1,119,31,33,-1,119,33,117,-1,117,33,35,-1,117,35,115,-1,115,35,37,-1,115,37,113,-1,113,37,39,-1,113,39,111,-1,111,39,41,-1,111,41,43,-1,25,125,23,-1,23,125,127,-1,23,127,21,-1,14,3,12,-1,12,3,6,-1,12,6,9,-1,9,6,2,-1,9,2,1,-1,63,65,83,-1,83,65,67,-1,83,67,81,-1,81,67,69,-1,81,69,79,-1,79,69,71,-1,79,71,76,-1,76,71,73,-1,76,73,75,-1,127,129,21,-1,21,129,131,-1,21,131,18,-1,18,131,133,-1,18,133,14,-1,14,133,135,-1,14,135,3,-1,87,89,59,-1,59,89,92,-1,59,92,57,-1,57,92,94,-1,57,94,55,-1,55,94,96,-1,55,96,53,-1,53,96,98,-1,53,98,51,-1,51,98,100,-1,51,100,49,-1,49,100,102,-1,49,102,47,-1,47,102,107,-1,47,107,45,-1,45,107,105,-1,45,105,104,-1,136,137,138,-1,138,137,139,-1,140,136,141,-1,141,136,138,-1,140,141,142,-1,140,142,143,-1,143,142,144,-1,143,144,145,-1,146,145,147,-1,147,145,144,-1,148,146,149,-1,149,146,147,-1,150,151,152,-1,152,151,148,-1,152,148,149,-1,153,151,154,-1,154,151,150,-1,155,156,157,-1,157,156,153,-1,157,153,154,-1,158,159,160,-1,160,159,156,-1,160,156,155,-1,158,161,159,-1,159,161,162,-1,161,163,162,-1,162,163,164,-1,162,164,165,-1,165,164,166,-1,165,166,167,-1,167,166,168,-1,167,168,169,-1,169,168,170,-1,169,170,171,-1,171,170,172,-1,171,172,173,-1,173,172,174,-1,173,174,175,-1,175,174,176,-1,175,176,177,-1,178,177,179,-1,179,177,176,-1,178,179,180,-1,178,180,181,-1,181,180,182,-1,181,182,183,-1,183,182,184,-1,183,184,185,-1,185,184,186,-1,185,186,187,-1,186,188,187,-1,187,188,189,-1,187,189,190,-1,190,189,191,-1,190,191,192,-1,192,191,193,-1,192,193,194,-1,194,193,195,-1,194,195,196,-1,139,137,197,-1,197,137,196,-1,197,196,195,-1,143,145,196,-1,137,136,196,-1,196,136,140,-1,196,140,143,-1,151,153,148,-1,148,153,156,-1,148,156,146,-1,165,167,187,-1,183,173,181,-1,181,173,175,-1,181,175,178,-1,178,175,177,-1,145,146,196,-1,196,146,156,-1,196,156,194,-1,187,167,185,-1,185,167,169,-1,185,169,183,-1,183,169,171,-1,183,171,173,-1,156,159,194,-1,194,159,162,-1,194,162,192,-1,192,162,165,-1,192,165,190,-1,190,165,187,-1,198,199,200,-1,200,199,201,-1,202,203,204,-1,204,203,198,-1,204,198,200,-1,205,203,206,-1,206,203,202,-1,205,206,207,-1,207,206,208,-1,207,208,209,-1,210,207,211,-1,211,207,209,-1,212,213,214,-1,214,213,210,-1,214,210,211,-1,215,213,216,-1,216,213,212,-1,217,218,219,-1,219,218,215,-1,219,215,216,-1,220,218,221,-1,221,218,217,-1,222,223,224,-1,224,223,220,-1,224,220,221,-1,225,223,226,-1,226,223,222,-1,201,199,227,-1,227,199,225,-1,227,225,226,-1,225,199,198,-1,198,203,225,-1,225,203,205,-1,225,205,223,-1,218,220,215,-1,215,220,223,-1,215,223,213,-1,213,223,205,-1,213,205,210,-1,210,205,207,-1,228,229,230,-1,230,229,231,-1,230,231,232,-1,232,231,233,-1,232,233,234,-1,234,233,235,-1,234,235,236,-1,236,235,237,-1,236,237,238,-1,238,237,239,-1,238,239,240,-1,240,239,241,-1,240,241,242,-1,242,241,243,-1,242,243,244,-1,244,243,245,-1,244,245,246,-1,246,245,247,-1,246,247,248,-1,248,247,249,-1,248,249,250,-1,250,249,251,-1,250,251,252,-1,252,251,253,-1,252,253,254,-1,254,253,255,-1,254,255,256,-1,256,255,257,-1,256,257,258,-1,258,257,259,-1,258,259,260,-1,260,259,261,-1,260,261,262,-1,262,261,228,-1,262,228,230,-1,236,238,263,-1,263,238,264,-1,236,263,265,-1,236,265,234,-1,234,265,266,-1,234,266,232,-1,232,266,267,-1,232,267,230,-1,230,267,268,-1,230,268,262,-1,262,268,269,-1,262,269,260,-1,260,269,270,-1,260,270,258,-1,258,270,271,-1,258,271,256,-1,256,271,272,-1,256,272,254,-1,254,272,273,-1,254,273,252,-1,252,273,274,-1,252,274,250,-1,250,274,275,-1,250,275,248,-1,248,275,276,-1,248,276,246,-1,246,276,277,-1,246,277,244,-1,244,277,278,-1,244,278,242,-1,240,242,279,-1,279,242,278,-1,238,240,264,-1,264,240,279,-1,243,241,280,-1,280,241,281,-1,241,239,281,-1,281,239,282,-1,239,237,282,-1,282,237,283,-1,229,284,285,-1,229,285,231,-1,231,285,286,-1,231,286,233,-1,233,286,287,-1,233,287,235,-1,235,287,283,-1,235,283,237,-1,257,288,289,-1,257,289,259,-1,259,289,290,-1,259,290,261,-1,261,290,291,-1,261,291,228,-1,228,291,284,-1,228,284,229,-1,249,292,293,-1,249,293,251,-1,251,293,294,-1,251,294,253,-1,253,294,295,-1,253,295,255,-1,255,295,288,-1,255,288,257,-1,243,280,296,-1,243,296,245,-1,245,296,297,-1,245,297,247,-1,247,297,292,-1,247,292,249,-1,
        ]
    }
}
Shape{
    appearance Appearance {
        material  Material 	{
            diffuseColor 0.25098039215686274 0.25098039215686274 0.25098039215686274
            specularColor 0.2196078431372549 0.2196078431372549 0.2196078431372549
            ambientIntensity 0.251
            transparency 0.0
            shininess 0.5
        }
    }
    geometry IndexedFaceSet {
        ccw TRUE
        solid FALSE
        coord DEF co Coordinate {
            point [
                0.2471 -0.4921 0.3028, 0.2471 -0.4921 0.2514, 0.2572 -0.4921 0.3028, 0.2568 -0.4921 0.2514, 0.2653 -0.4921 0.2523, 0.271 -0.4921 0.2543, 0.2754 -0.4921 0.2572, 0.2767 -0.4921 0.2584, 0.28 -0.4921 0.2625, 0.2823 -0.4921 0.2674, 0.2836 -0.4921 0.2735, 0.2838 -0.4921 0.2778, 0.283 -0.4921 0.2855, 0.2812 -0.4921 0.2905, 0.2787 -0.4921 0.2943, 0.2765 -0.4921 0.2966, 0.2658 -0.4921 0.3019, 0.2716 -0.4921 0.2998
            ]
        }
        coordIndex [
            0,1,2,-1,2,1,3,-1,2,3,4,-1,4,5,2,-1,2,5,6,-1,2,6,7,-1,7,8,2,-1,2,8,9,-1,2,9,10,-1,10,11,2,-1,2,11,12,-1,2,12,13,-1,13,14,2,-1,2,14,15,-1,2,15,16,-1,16,15,17,-1,
        ]
    }
}
Shape{
    appearance Appearance {
        material  Material 	{
            diffuseColor 1.0 1.0 1.0
            specularColor 0.5019607843137255 0.5019607843137255 0.5019607843137255
            ambientIntensity 1.0
            transparency 0.0
            shininess 0.5
        }
    }
    geometry IndexedFaceSet {
        ccw TRUE
        solid FALSE
        coord DEF co Coordinate {
            point [
                0.3152 -0.4961 0.2696, 0.3125 -0.4961 0.262, 0.3376 -0.4961 0.2696, 0.3403 -0.4961 0.262, 0.3252 -0.4961 0.2973, 0.322 -0.4961 0.3105, 0.2965 -0.4961 0.2438, 0.3061 -0.4961 0.2438, 0.3258 -0.4961 0.2993, 0.3263 -0.4961 0.302, 0.3312 -0.4961 0.3105, 0.3265 -0.4961 0.302, 0.327 -0.4961 0.2992, 0.3275 -0.4961 0.2973, 0.3566 -0.4961 0.2438, 0.3471 -0.4961 0.2438, 0.3312 -0.4921 0.3105, 0.3566 -0.4921 0.2438, 0.322 -0.4921 0.3105, 0.2965 -0.4921 0.2438, 0.3061 -0.4921 0.2438, 0.3125 -0.4921 0.262, 0.3403 -0.4921 0.262, 0.3471 -0.4921 0.2438, 0.3152 -0.4921 0.2696, 0.3376 -0.4921 0.2696, 0.3275 -0.4921 0.2973, 0.3265 -0.4921 0.302, 0.327 -0.4921 0.2992, 0.3263 -0.4921 0.302, 0.3252 -0.4921 0.2973, 0.3258 -0.4921 0.2993
            ]
        }
        coordIndex [
            0,1,2,-1,2,1,3,-1,4,5,0,-1,0,5,6,-1,0,6,1,-1,1,6,7,-1,4,8,5,-1,5,8,9,-1,5,9,10,-1,10,9,11,-1,10,11,12,-1,12,13,10,-1,10,13,2,-1,10,2,14,-1,14,2,3,-1,14,3,15,-1,10,14,16,-1,16,14,17,-1,5,10,18,-1,18,10,16,-1,6,5,19,-1,19,5,18,-1,7,6,20,-1,20,6,19,-1,1,7,21,-1,21,7,20,-1,3,1,22,-1,22,1,21,-1,15,3,23,-1,23,3,22,-1,14,15,17,-1,17,15,23,-1,0,2,24,-1,24,2,25,-1,2,13,25,-1,25,13,26,-1,11,27,28,-1,11,28,12,-1,12,28,26,-1,12,26,13,-1,11,9,27,-1,27,9,29,-1,4,30,31,-1,4,31,8,-1,8,31,29,-1,8,29,9,-1,4,0,30,-1,30,0,24,-1,
        ]
    }
}
Shape{
    appearance Appearance {
        material  Material 	{
            diffuseColor 0.25098039215686274 0.25098039215686274 0.25098039215686274
            specularColor 0.2196078431372549 0.2196078431372549 0.2196078431372549
            ambientIntensity 0.251
            transparency 0.0
            shininess 0.5
        }
    }
    geometry IndexedFaceSet {
        ccw TRUE
        solid FALSE
        coord DEF co Coordinate {
            point [
                0.3265 -0.4921 0.302, 0.3263 -0.4921 0.302, 0.327 -0.4921 0.2992, 0.3258 -0.4921 0.2993, 0.3275 -0.4921 0.2973, 0.3252 -0.4921 0.2973, 0.3376 -0.4921 0.2696, 0.3152 -0.4921 0.2696
            ]
        }
        coordIndex [
            0,1,2,-1,2,1,3,-1,2,3,4,-1,4,3,5,-1,4,5,6,-1,6,5,7,-1,
        ]
    }
}
Shape{
    appearance Appearance {
        material  Material 	{
            diffuseColor 1.0 1.0 1.0
            specularColor 0.5019607843137255 0.5019607843137255 0.5019607843137255
            ambientIntensity 1.0
            transparency 0.0
            shininess 0.5
        }
    }
    geometry IndexedFaceSet {
        ccw TRUE
        solid FALSE
        coord DEF co Coordinate {
            point [
                -0.2895 -0.4961 0.2344, -0.2824 -0.4961 0.2257, -0.2937 -0.4961 0.2763, -0.3019 -0.4961 0.3588, -0.2913 -0.4961 0.3644, -0.294 -0.4961 0.3935, -0.2103 -0.4961 0.2326, -0.2047 -0.4961 0.2431, -0.2019 -0.4961 0.2549, -0.2752 -0.4961 0.3958, -0.1353 -0.4961 0.2995, -0.15 -0.4961 0.3247, -0.2017 -0.4961 0.2644, -0.2136 -0.4961 0.2915, -0.2017 -0.4961 0.2597, -0.2271 -0.4961 0.2177, -0.2176 -0.4961 0.2243, -0.2621 -0.4961 0.2455, -0.2583 -0.4961 0.2429, -0.2731 -0.4961 0.2187, -0.2539 -0.4961 0.2412, -0.2326 -0.4961 0.2665, -0.2313 -0.4961 0.2622, -0.2312 -0.4961 0.2576, -0.2322 -0.4961 0.253, -0.2343 -0.4961 0.2489, -0.2643 -0.4961 0.3949, -0.2496 -0.4961 0.3603, -0.2435 -0.4961 0.3734, -0.304 -0.4961 0.2826, -0.3003 -0.4961 0.2463, -0.2942 -0.4961 0.2445, -0.2546 -0.4961 0.4062, -0.2333 -0.4961 0.3865, -0.2434 -0.4961 0.4158, -0.2203 -0.4961 0.3965, -0.2319 -0.4961 0.4229, -0.2796 -0.4961 0.3671, -0.2747 -0.4961 0.3674, -0.2698 -0.4961 0.3955, -0.2638 -0.4961 0.366, -0.2531 -0.4961 0.3622, -0.268 -0.4961 0.2574, -0.267 -0.4961 0.253, -0.265 -0.4961 0.249, -0.2622 -0.4961 0.214, -0.251 -0.4961 0.2123, -0.2496 -0.4961 0.2407, -0.2491 -0.4961 0.2123, -0.2451 -0.4961 0.2413, -0.2377 -0.4961 0.2137, -0.2409 -0.4961 0.2429, -0.2373 -0.4961 0.2454, -0.1196 -0.4961 0.3465, -0.1158 -0.4961 0.3465, -0.0964 -0.4961 0.3721, -0.1068 -0.4961 0.3454, -0.0924 -0.4961 0.3707, -0.0985 -0.4961 0.3422, -0.0784 -0.4961 0.3633, -0.0912 -0.4961 0.3371, -0.0659 -0.4961 0.3522, -0.0856 -0.4961 0.3309, -0.0566 -0.4961 0.3384, -0.0812 -0.4961 0.3227, -0.0512 -0.4961 0.3238, -0.079 -0.4961 0.3136, -0.0494 -0.4961 0.31, -0.0788 -0.4961 0.3095, -0.0495 -0.4961 0.3067, -0.08 -0.4961 0.3003, -0.1396 -0.4961 0.2437, -0.1381 -0.4961 0.2436, -0.1343 -0.4961 0.2725, -0.21 -0.4961 0.4314, -0.205 -0.4961 0.4031, -0.1865 -0.4961 0.4343, -0.122 -0.4961 0.4096, -0.1362 -0.4961 0.3834, -0.1064 -0.4961 0.3917, -0.1267 -0.4961 0.3696, -0.1208 -0.4961 0.3537, -0.3208 -0.4961 0.3314, -0.3519 -0.4961 0.3234, -0.3222 -0.4961 0.3199, -0.3521 -0.4961 0.319, -0.3216 -0.4961 0.3127, -0.3497 -0.4961 0.3003, -0.3183 -0.4961 0.3011, -0.3429 -0.4961 0.2826, -0.3125 -0.4961 0.2914, -0.3322 -0.4961 0.2673, -0.3174 -0.4961 0.2547, -0.113 -0.4961 0.2725, -0.1101 -0.4961 0.2436, -0.1045 -0.4961 0.2741, -0.0961 -0.4961 0.2463, -0.0962 -0.4961 0.278, -0.0815 -0.4961 0.253, -0.0891 -0.4961 0.2837, -0.0689 -0.4961 0.2629, -0.0884 -0.4961 0.2844, -0.067 -0.4961 0.2649, -0.0832 -0.4961 0.2918, -0.0585 -0.4961 0.2764, -0.0521 -0.4961 0.2912, -0.3116 -0.4961 0.3867, -0.3266 -0.4961 0.3761, -0.3102 -0.4961 0.3514, -0.3298 -0.4961 0.3731, -0.3167 -0.4961 0.342, -0.3413 -0.4961 0.3583, -0.3488 -0.4961 0.3412, -0.2679 -0.4961 0.262, -0.2666 -0.4961 0.2665, -0.2885 -0.4961 0.2865, -0.2643 -0.4961 0.2705, -0.2806 -0.4961 0.2955, -0.262 -0.4961 0.273, -0.2709 -0.4961 0.3022, -0.2582 -0.4961 0.2756, -0.2604 -0.4961 0.3062, -0.2541 -0.4961 0.2772, -0.2491 -0.4961 0.3076, -0.2496 -0.4961 0.2777, -0.2433 -0.4961 0.3073, -0.2464 -0.4961 0.2774, -0.2319 -0.4961 0.3044, -0.2419 -0.4961 0.276, -0.2218 -0.4961 0.299, -0.238 -0.4961 0.2736, -0.2348 -0.4961 0.2703, -0.1892 -0.4961 0.4057, -0.186 -0.4961 0.4058, -0.167 -0.4961 0.4322, -0.1719 -0.4961 0.4043, -0.1431 -0.4961 0.4238, -0.1569 -0.4961 0.399, -0.1433 -0.4961 0.3902, -0.1518 -0.4961 0.2598, -0.1519 -0.4961 0.2583, -0.1367 -0.4961 0.2729, -0.1515 -0.4961 0.2551, -0.1504 -0.4961 0.2519, -0.1484 -0.4961 0.2488, -0.1461 -0.4961 0.2466, -0.1353 -0.4961 0.2726, -0.1428 -0.4961 0.2447, -0.1372 -0.4961 0.273, -0.1404 -0.4961 0.2726, -0.1437 -0.4961 0.2714, -0.1467 -0.4961 0.2695, -0.1492 -0.4961 0.2667, -0.1509 -0.4961 0.2635, -0.0638 -0.4921 0.3491, -0.0566 -0.4921 0.3384, -0.0533 -0.4921 0.3295, -0.0512 -0.4921 0.3238, -0.0494 -0.4921 0.31, -0.0659 -0.4921 0.3522, -0.0784 -0.4921 0.3633, -0.0924 -0.4921 0.3707, -0.0964 -0.4921 0.3721, -0.1064 -0.4921 0.3917, -0.122 -0.4921 0.4096, -0.1329 -0.4921 0.4169, -0.1431 -0.4921 0.4238, -0.167 -0.4921 0.4322, -0.1865 -0.4921 0.4343, -0.2434 -0.4921 0.4158, -0.2416 -0.4921 0.4169, -0.2319 -0.4921 0.4229, -0.21 -0.4921 0.4314, -0.2546 -0.4921 0.4062, -0.2643 -0.4921 0.3949, -0.2698 -0.4921 0.3955, -0.2752 -0.4921 0.3958, -0.294 -0.4921 0.3935, -0.3116 -0.4921 0.3867, -0.3266 -0.4921 0.3761, -0.3298 -0.4921 0.3731, -0.3413 -0.4921 0.3583, -0.3453 -0.4921 0.3491, -0.3488 -0.4921 0.3412, -0.3509 -0.4921 0.3295, -0.3519 -0.4921 0.3234, -0.3521 -0.4921 0.319, -0.3497 -0.4921 0.3003, -0.3429 -0.4921 0.2826, -0.3322 -0.4921 0.2673, -0.3174 -0.4921 0.2547, -0.3003 -0.4921 0.2463, -0.2942 -0.4921 0.2445, -0.2936 -0.4921 0.2432, -0.2895 -0.4921 0.2344, -0.2824 -0.4921 0.2257, -0.2731 -0.4921 0.2187, -0.2687 -0.4921 0.2168, -0.2622 -0.4921 0.214, -0.251 -0.4921 0.2123, -0.2491 -0.4921 0.2123, -0.2017 -0.4921 0.2597, -0.2377 -0.4921 0.2137, -0.2295 -0.4921 0.2168, -0.2271 -0.4921 0.2177, -0.2176 -0.4921 0.2243, -0.2103 -0.4921 0.2326, -0.2047 -0.4921 0.2431, -0.2047 -0.4921 0.2432, -0.2019 -0.4921 0.2549, -0.2017 -0.4921 0.2644, -0.1353 -0.4921 0.2995, -0.15 -0.4921 0.3247, -0.2136 -0.4921 0.2915, -0.2218 -0.4921 0.299, -0.2319 -0.4921 0.3044, -0.2433 -0.4921 0.3073, -0.2491 -0.4921 0.3076, -0.2604 -0.4921 0.3062, -0.2709 -0.4921 0.3022, -0.2806 -0.4921 0.2955, -0.2885 -0.4921 0.2865, -0.2937 -0.4921 0.2763, -0.304 -0.4921 0.2826, -0.3125 -0.4921 0.2914, -0.3183 -0.4921 0.3011, -0.3216 -0.4921 0.3127, -0.3222 -0.4921 0.3199, -0.321 -0.4921 0.3295, -0.3208 -0.4921 0.3314, -0.3167 -0.4921 0.342, -0.3118 -0.4921 0.3491, -0.3102 -0.4921 0.3514, -0.3019 -0.4921 0.3588, -0.2913 -0.4921 0.3644, -0.2796 -0.4921 0.3671, -0.2747 -0.4921 0.3674, -0.2638 -0.4921 0.366, -0.2531 -0.4921 0.3622, -0.2496 -0.4921 0.3603, -0.2435 -0.4921 0.3734, -0.2333 -0.4921 0.3865, -0.2203 -0.4921 0.3965, -0.205 -0.4921 0.4031, -0.1892 -0.4921 0.4057, -0.186 -0.4921 0.4058, -0.1719 -0.4921 0.4043, -0.1569 -0.4921 0.399, -0.1433 -0.4921 0.3902, -0.1362 -0.4921 0.3834, -0.1267 -0.4921 0.3696, -0.1208 -0.4921 0.3537, -0.1201 -0.4921 0.3491, -0.1196 -0.4921 0.3465, -0.1158 -0.4921 0.3465, -0.1068 -0.4921 0.3454, -0.0985 -0.4921 0.3422, -0.0912 -0.4921 0.3371, -0.0856 -0.4921 0.3309, -0.0849 -0.4921 0.3295, -0.0812 -0.4921 0.3227, -0.079 -0.4921 0.3136, -0.0788 -0.4921 0.3095, -0.08 -0.4921 0.3003, -0.0832 -0.4921 0.2918, -0.0884 -0.4921 0.2844, -0.0891 -0.4921 0.2837, -0.0962 -0.4921 0.278, -0.1045 -0.4921 0.2741, -0.113 -0.4921 0.2725, -0.1343 -0.4921 0.2725, -0.1353 -0.4921 0.2726, -0.1367 -0.4921 0.2729, -0.1372 -0.4921 0.273, -0.1404 -0.4921 0.2726, -0.1437 -0.4921 0.2714, -0.1467 -0.4921 0.2695, -0.1492 -0.4921 0.2667, -0.1509 -0.4921 0.2635, -0.1518 -0.4921 0.2598, -0.1519 -0.4921 0.2583, -0.1515 -0.4921 0.2551, -0.1504 -0.4921 0.2519, -0.1484 -0.4921 0.2488, -0.1461 -0.4921 0.2466, -0.1428 -0.4921 0.2447, -0.1396 -0.4921 0.2437, -0.1381 -0.4921 0.2436, -0.1101 -0.4921 0.2436, -0.0961 -0.4921 0.2463, -0.0815 -0.4921 0.253, -0.0689 -0.4921 0.2629, -0.067 -0.4921 0.2649, -0.0585 -0.4921 0.2764, -0.0521 -0.4921 0.2912, -0.0495 -0.4921 0.3067, -0.2496 -0.4921 0.2777, -0.2464 -0.4921 0.2774, -0.2419 -0.4921 0.276, -0.238 -0.4921 0.2736, -0.2348 -0.4921 0.2703, -0.2326 -0.4921 0.2665, -0.2313 -0.4921 0.2622, -0.2312 -0.4921 0.2576, -0.2322 -0.4921 0.253, -0.2343 -0.4921 0.2489, -0.2373 -0.4921 0.2454, -0.2409 -0.4921 0.2429, -0.2451 -0.4921 0.2413, -0.2496 -0.4921 0.2407, -0.2539 -0.4921 0.2412, -0.2583 -0.4921 0.2429, -0.2621 -0.4921 0.2455, -0.265 -0.4921 0.249, -0.267 -0.4921 0.253, -0.268 -0.4921 0.2574, -0.2679 -0.4921 0.262, -0.2666 -0.4921 0.2665, -0.2643 -0.4921 0.2705, -0.262 -0.4921 0.273, -0.2582 -0.4921 0.2756, -0.2541 -0.4921 0.2772
            ]
        }
        coordIndex [
            0,1,2,-1,3,4,5,-1,6,7,8,-1,5,4,9,-1,10,11,12,-1,12,11,13,-1,12,13,14,-1,14,13,15,-1,14,15,8,-1,8,15,16,-1,8,16,6,-1,17,1,18,-1,18,1,19,-1,18,19,20,-1,21,22,13,-1,13,22,23,-1,13,23,15,-1,15,23,24,-1,15,24,25,-1,26,27,28,-1,29,30,2,-1,2,30,31,-1,2,31,0,-1,26,28,32,-1,32,28,33,-1,32,33,34,-1,34,33,35,-1,34,35,36,-1,4,37,9,-1,9,37,38,-1,9,38,39,-1,39,38,40,-1,39,40,26,-1,26,40,41,-1,26,41,27,-1,42,2,43,-1,43,2,1,-1,43,1,44,-1,44,1,17,-1,19,45,20,-1,20,45,46,-1,20,46,47,-1,47,46,48,-1,47,48,49,-1,49,48,50,-1,49,50,51,-1,51,50,15,-1,51,15,52,-1,52,15,25,-1,53,54,55,-1,55,54,56,-1,55,56,57,-1,57,56,58,-1,57,58,59,-1,59,58,60,-1,59,60,61,-1,61,60,62,-1,61,62,63,-1,63,62,64,-1,63,64,65,-1,65,64,66,-1,65,66,67,-1,67,66,68,-1,67,68,69,-1,69,68,70,-1,71,72,73,-1,36,35,74,-1,74,35,75,-1,74,75,76,-1,77,78,79,-1,79,78,80,-1,79,80,55,-1,55,80,81,-1,55,81,53,-1,82,83,84,-1,84,83,85,-1,84,85,86,-1,86,85,87,-1,86,87,88,-1,88,87,89,-1,88,89,90,-1,90,89,91,-1,90,91,29,-1,29,91,92,-1,29,92,30,-1,73,72,93,-1,93,72,94,-1,93,94,95,-1,95,94,96,-1,95,96,97,-1,97,96,98,-1,97,98,99,-1,99,98,100,-1,99,100,101,-1,101,100,102,-1,101,102,103,-1,103,102,104,-1,103,104,70,-1,70,104,105,-1,70,105,69,-1,5,106,3,-1,3,106,107,-1,3,107,108,-1,108,107,109,-1,108,109,110,-1,110,109,111,-1,110,111,82,-1,82,111,112,-1,82,112,83,-1,42,113,2,-1,2,113,114,-1,2,114,115,-1,115,114,116,-1,115,116,117,-1,117,116,118,-1,117,118,119,-1,119,118,120,-1,119,120,121,-1,121,120,122,-1,121,122,123,-1,123,122,124,-1,123,124,125,-1,125,124,126,-1,125,126,127,-1,127,126,128,-1,127,128,129,-1,129,128,130,-1,129,130,13,-1,13,130,131,-1,13,131,21,-1,75,132,76,-1,76,132,133,-1,76,133,134,-1,134,133,135,-1,134,135,136,-1,136,135,137,-1,136,137,77,-1,77,137,138,-1,77,138,78,-1,139,140,141,-1,141,140,142,-1,142,143,141,-1,141,143,144,-1,141,144,145,-1,73,146,71,-1,71,146,141,-1,71,141,147,-1,147,141,145,-1,141,148,139,-1,139,148,149,-1,139,149,150,-1,150,151,139,-1,139,151,152,-1,139,152,153,-1,154,61,155,-1,155,61,63,-1,155,63,156,-1,156,63,65,-1,156,65,157,-1,157,65,67,-1,157,67,158,-1,154,159,61,-1,61,159,160,-1,61,160,59,-1,59,160,161,-1,59,161,57,-1,57,161,162,-1,57,162,55,-1,55,162,163,-1,55,163,79,-1,79,163,164,-1,79,164,77,-1,136,77,165,-1,165,77,164,-1,165,166,136,-1,136,166,167,-1,136,167,134,-1,134,167,168,-1,134,168,76,-1,169,34,170,-1,170,34,36,-1,170,36,171,-1,171,36,74,-1,171,74,172,-1,172,74,76,-1,172,76,168,-1,34,169,173,-1,34,173,32,-1,32,173,174,-1,32,174,26,-1,26,174,175,-1,26,175,39,-1,39,175,176,-1,39,176,9,-1,9,176,177,-1,9,177,5,-1,5,177,178,-1,5,178,106,-1,106,178,179,-1,106,179,107,-1,107,179,180,-1,107,180,109,-1,112,111,181,-1,181,111,109,-1,181,109,180,-1,181,182,112,-1,112,182,183,-1,112,183,83,-1,83,183,184,-1,184,185,83,-1,83,185,186,-1,83,186,85,-1,85,186,187,-1,85,187,87,-1,87,187,188,-1,87,188,89,-1,89,188,189,-1,89,189,91,-1,91,189,190,-1,91,190,92,-1,92,190,191,-1,92,191,30,-1,30,191,192,-1,30,192,31,-1,31,192,193,-1,31,193,0,-1,193,194,0,-1,0,194,195,-1,0,195,1,-1,1,195,196,-1,1,196,19,-1,19,196,197,-1,19,197,45,-1,197,198,45,-1,45,198,199,-1,45,199,46,-1,46,199,200,-1,46,200,48,-1,201,14,8,-1,48,200,202,-1,203,15,202,-1,202,15,50,-1,202,50,48,-1,203,204,15,-1,15,204,205,-1,15,205,16,-1,16,205,206,-1,16,206,6,-1,6,206,207,-1,6,207,7,-1,7,207,208,-1,7,208,8,-1,8,208,209,-1,8,209,201,-1,12,14,210,-1,210,14,201,-1,10,12,211,-1,211,12,210,-1,11,10,212,-1,212,10,211,-1,13,11,213,-1,213,11,212,-1,13,213,214,-1,13,214,129,-1,129,214,215,-1,129,215,127,-1,127,215,216,-1,127,216,125,-1,125,216,217,-1,125,217,123,-1,123,217,218,-1,123,218,121,-1,121,218,219,-1,121,219,119,-1,119,219,220,-1,119,220,117,-1,117,220,221,-1,117,221,115,-1,115,221,222,-1,115,222,2,-1,2,222,223,-1,2,223,29,-1,29,223,224,-1,29,224,90,-1,90,224,225,-1,90,225,88,-1,88,225,226,-1,88,226,86,-1,86,226,227,-1,86,227,84,-1,84,227,228,-1,84,228,82,-1,82,228,229,-1,82,229,230,-1,231,108,230,-1,230,108,110,-1,230,110,82,-1,231,232,108,-1,108,232,233,-1,108,233,3,-1,3,233,234,-1,3,234,4,-1,4,234,235,-1,4,235,37,-1,37,235,236,-1,37,236,38,-1,38,236,237,-1,38,237,40,-1,40,237,238,-1,40,238,41,-1,41,238,239,-1,41,239,27,-1,27,239,240,-1,27,240,28,-1,28,240,241,-1,28,241,33,-1,33,241,242,-1,33,242,35,-1,35,242,243,-1,35,243,75,-1,75,243,244,-1,75,244,132,-1,132,244,245,-1,132,245,133,-1,133,245,246,-1,133,246,135,-1,135,246,247,-1,135,247,137,-1,137,247,248,-1,137,248,138,-1,138,248,249,-1,138,249,78,-1,78,249,250,-1,78,250,80,-1,80,250,251,-1,80,251,81,-1,81,251,53,-1,53,251,252,-1,53,252,253,-1,54,53,254,-1,254,53,253,-1,54,254,255,-1,54,255,56,-1,56,255,256,-1,56,256,58,-1,58,256,257,-1,58,257,60,-1,60,257,258,-1,60,258,62,-1,62,258,259,-1,62,259,64,-1,259,260,64,-1,64,260,261,-1,64,261,66,-1,66,261,262,-1,66,262,68,-1,68,262,263,-1,68,263,70,-1,70,263,264,-1,70,264,103,-1,103,264,265,-1,103,265,101,-1,101,265,266,-1,101,266,99,-1,99,266,267,-1,99,267,97,-1,97,267,268,-1,97,268,95,-1,95,268,269,-1,95,269,93,-1,73,93,270,-1,270,93,269,-1,73,270,271,-1,73,271,146,-1,146,271,272,-1,146,272,141,-1,141,272,273,-1,141,273,148,-1,148,273,274,-1,148,274,149,-1,149,274,275,-1,149,275,150,-1,150,275,276,-1,150,276,151,-1,151,276,277,-1,151,277,152,-1,152,277,278,-1,152,278,153,-1,153,278,279,-1,153,279,139,-1,139,279,280,-1,139,280,140,-1,140,280,281,-1,140,281,142,-1,142,281,282,-1,142,282,143,-1,143,282,283,-1,143,283,144,-1,144,283,284,-1,144,284,145,-1,145,284,285,-1,145,285,147,-1,147,285,286,-1,147,286,71,-1,71,286,287,-1,71,287,72,-1,94,72,288,-1,288,72,287,-1,94,288,289,-1,94,289,96,-1,96,289,290,-1,96,290,98,-1,98,290,291,-1,98,291,100,-1,100,291,292,-1,100,292,102,-1,102,292,293,-1,102,293,104,-1,104,293,294,-1,104,294,105,-1,105,294,295,-1,105,295,69,-1,69,295,158,-1,69,158,67,-1,124,296,297,-1,124,297,126,-1,126,297,298,-1,126,298,128,-1,128,298,299,-1,128,299,130,-1,130,299,300,-1,130,300,131,-1,131,300,301,-1,131,301,21,-1,21,301,302,-1,21,302,22,-1,22,302,303,-1,22,303,23,-1,23,303,304,-1,23,304,24,-1,24,304,305,-1,24,305,25,-1,25,305,306,-1,25,306,52,-1,52,306,307,-1,52,307,51,-1,51,307,308,-1,51,308,49,-1,49,308,309,-1,49,309,47,-1,47,309,310,-1,47,310,20,-1,20,310,311,-1,20,311,18,-1,18,311,312,-1,18,312,17,-1,17,312,313,-1,17,313,44,-1,44,313,314,-1,44,314,43,-1,43,314,315,-1,43,315,42,-1,42,315,316,-1,42,316,113,-1,113,316,317,-1,113,317,114,-1,114,317,318,-1,114,318,116,-1,116,318,319,-1,116,319,118,-1,118,319,320,-1,118,320,120,-1,120,320,321,-1,120,321,122,-1,122,321,296,-1,122,296,124,-1,
        ]
    }
}
Shape{
    appearance Appearance {
        material  Material 	{
            diffuseColor 0.25098039215686274 0.25098039215686274 0.25098039215686274
            specularColor 0.2196078431372549 0.2196078431372549 0.2196078431372549
            ambientIntensity 0.251
            transparency 0.0
            shininess 0.5
        }
    }
    geometry IndexedFaceSet {
        ccw TRUE
        solid FALSE
        coord DEF co Coordinate {
            point [
                -0.2496 -0.4921 0.2407, -0.262 -0.4921 0.273, -0.2643 -0.4921 0.2705, -0.2496 -0.4921 0.2777, -0.2464 -0.4921 0.2774, -0.2451 -0.4921 0.2413, -0.2541 -0.4921 0.2772, -0.2582 -0.4921 0.2756, -0.2373 -0.4921 0.2454, -0.2348 -0.4921 0.2703, -0.238 -0.4921 0.2736, -0.267 -0.4921 0.253, -0.265 -0.4921 0.249, -0.2621 -0.4921 0.2455, -0.2409 -0.4921 0.2429, -0.2419 -0.4921 0.276, -0.2666 -0.4921 0.2665, -0.2679 -0.4921 0.262, -0.268 -0.4921 0.2574, -0.2583 -0.4921 0.2429, -0.2539 -0.4921 0.2412, -0.2322 -0.4921 0.253, -0.2312 -0.4921 0.2576, -0.2343 -0.4921 0.2489, -0.2313 -0.4921 0.2622, -0.2326 -0.4921 0.2665
            ]
        }
        coordIndex [
            0,1,2,-1,3,0,4,-1,4,0,5,-1,3,6,0,-1,0,6,7,-1,0,7,1,-1,8,9,10,-1,11,12,2,-1,2,12,13,-1,5,14,4,-1,4,14,8,-1,4,8,15,-1,15,8,10,-1,16,17,2,-1,2,17,18,-1,2,18,11,-1,13,19,2,-1,2,19,20,-1,2,20,0,-1,21,22,23,-1,23,22,24,-1,23,24,8,-1,8,24,25,-1,8,25,9,-1,
        ]
    }
}
Shape{
    appearance Appearance {
        material  Material 	{
            diffuseColor 0.8392156862745098 0.8392156862745098 0.8392156862745098
            specularColor 0.7372549019607844 0.7372549019607844 0.7372549019607844
            ambientIntensity 0.8392
            transparency 0.0
            shininess 0.5
        }
    }
    geometry IndexedFaceSet {
        ccw TRUE
        solid FALSE
        coord DEF co Coordinate {
            point [
                0.1969 0.0984 0.9843, 0.0394 0.0984 0.9843, 0.1969 -0.0984 0.9843, 0.0394 -0.0984 0.9843, 0.2044 -0.1059 0.9835, 0.0374 -0.1004 0.9842, 0.2056 -0.1072 0.9832, 0.0306 -0.1072 0.9832, 0.2117 -0.1132 0.9814, 0.0302 -0.1076 0.9832, 0.2139 -0.1154 0.9802, 0.0233 -0.1145 0.9808, 0.0223 -0.1155 0.9803, 0.2183 -0.1199 0.9779, 0.2247 -0.1263 0.9727, 0.2236 -0.1252 0.9738, 0.2213 -0.1291 0.9693, 0.2213 -0.1229 0.9756, 0.0115 -0.1263 0.9727, 0.0126 -0.1273 0.9716, 0.0149 -0.1229 0.9755, 0.0149 -0.1291 0.9693, 0.0179 -0.1314 0.9663, 0.0224 -0.1338 0.9619, 0.2139 -0.1338 0.9619, 0.017 -0.1208 0.9773, 0.2192 -0.1308 0.9673, 0.0394 -0.1378 0.9449, 0.1969 -0.1378 0.9449, 0.0319 -0.1371 0.9524, 0.1988 -0.1377 0.9468, 0.0306 -0.1367 0.9536, 0.2056 -0.1368 0.9536, 0.0245 -0.1349 0.9597, 0.206 -0.1367 0.9541, 0.213 -0.1343 0.961, 0.2056 0.1072 0.9832, 0.2044 0.1059 0.9835, 0.2139 0.1154 0.9802, 0.2117 0.1132 0.9814, 0.2183 0.1199 0.9779, 0.2213 0.1229 0.9756, 0.2247 0.1263 0.9727, 0.2236 0.1252 0.9738, 0.2275 0.1229 0.9693, 0.2257 -0.1252 0.9716, 0.2275 -0.1229 0.9693, 0.2299 -0.1199 0.9663, 0.2322 -0.1154 0.9619, 0.2322 0.1155 0.9619, 0.2292 0.1208 0.9673, 0.2362 -0.0984 0.9449, 0.2362 0.0984 0.9449, 0.2355 -0.1059 0.9524, 0.2362 0.1004 0.9468, 0.2351 -0.1072 0.9536, 0.2352 0.1072 0.9536, 0.2333 -0.1132 0.9597, 0.2351 0.1076 0.9541, 0.2328 0.1145 0.961, 0.0306 0.1072 0.9832, 0.0319 0.1059 0.9835, 0.0245 0.1132 0.9814, 0.0224 0.1154 0.9802, 0.0179 0.1199 0.9779, 0.0149 0.1229 0.9756, 0.0149 0.1291 0.9693, 0.0126 0.1252 0.9738, 0.0115 0.1263 0.9727, 0.2213 0.1291 0.9693, 0.2236 0.1273 0.9716, 0.2183 0.1314 0.9663, 0.2139 0.1338 0.9619, 0.0223 0.1338 0.9619, 0.017 0.1308 0.9673, 0.1969 0.1378 0.9449, 0.0394 0.1378 0.9449, 0.2044 0.1371 0.9524, 0.0374 0.1377 0.9468, 0.2056 0.1367 0.9536, 0.0306 0.1368 0.9536, 0.2117 0.1349 0.9597, 0.0302 0.1367 0.9541, 0.0233 0.1343 0.961, 0.0087 -0.1229 0.9693, 0.0063 0.1199 0.9663, 0.004 0.1154 0.9619, 0.004 -0.1155 0.9619, 0.0087 0.1229 0.9693, 0.007 -0.1208 0.9673, 0.0 0.0984 0.9449, 0.0 -0.0984 0.9449, 0.0007 0.1059 0.9524, 0.0 -0.1004 0.9468, 0.0011 0.1072 0.9536, 0.001 -0.1072 0.9536, 0.0029 0.1132 0.9597, 0.0011 -0.1076 0.9541, 0.0034 -0.1145 0.961, 0.0105 0.1252 0.9716, 0.0 -0.0984 0.748, 0.001 -0.1072 0.748, 0.0039 -0.1155 0.748, 0.0086 -0.123 0.748, 0.0148 -0.1292 0.748, 0.0223 -0.1339 0.748, 0.0306 -0.1368 0.748, 0.0394 -0.1378 0.748, 0.1969 -0.1378 0.748, 0.2056 -0.1368 0.748, 0.2139 -0.1339 0.748, 0.2214 -0.1292 0.748, 0.2276 -0.123 0.748, 0.2323 -0.1155 0.748, 0.2352 -0.1072 0.748, 0.2362 -0.0984 0.748, 0.2362 0.0984 0.748, 0.2352 0.1072 0.748, 0.2323 0.1155 0.748, 0.2276 0.123 0.748, 0.2214 0.1292 0.748, 0.2139 0.1339 0.748, 0.2056 0.1368 0.748, 0.1969 0.1378 0.748, 0.0394 0.1378 0.748, 0.0306 0.1368 0.748, 0.0223 0.1339 0.748, 0.0148 0.1292 0.748, 0.0086 0.123 0.748, 0.0039 0.1155 0.748, 0.001 0.1072 0.748, 0.0 0.0984 0.748
            ]
        }
        coordIndex [
            0,1,2,-1,2,1,3,-1,2,3,4,-1,4,3,5,-1,4,5,6,-1,6,5,7,-1,6,7,8,-1,8,7,9,-1,8,9,10,-1,9,11,10,-1,10,11,12,-1,10,12,13,-1,14,15,16,-1,16,15,17,-1,18,19,20,-1,20,19,21,-1,22,23,24,-1,12,25,13,-1,13,25,20,-1,13,20,17,-1,17,20,21,-1,17,21,16,-1,16,21,22,-1,16,22,26,-1,26,22,24,-1,27,28,29,-1,29,28,30,-1,29,30,31,-1,31,30,32,-1,31,32,33,-1,33,32,34,-1,33,34,23,-1,23,34,35,-1,23,35,24,-1,6,36,37,-1,0,2,37,-1,37,2,4,-1,37,4,6,-1,10,38,39,-1,36,6,39,-1,39,6,8,-1,39,8,10,-1,38,10,40,-1,40,10,13,-1,40,13,41,-1,42,43,44,-1,44,43,41,-1,14,45,15,-1,15,45,46,-1,15,46,17,-1,47,48,49,-1,13,17,41,-1,41,17,46,-1,41,46,44,-1,44,46,47,-1,44,47,50,-1,50,47,49,-1,51,52,53,-1,53,52,54,-1,53,54,55,-1,55,54,56,-1,55,56,57,-1,57,56,58,-1,57,58,48,-1,48,58,59,-1,48,59,49,-1,36,60,61,-1,1,0,61,-1,61,0,37,-1,61,37,36,-1,60,36,62,-1,62,36,39,-1,62,39,63,-1,63,39,38,-1,63,38,64,-1,38,40,64,-1,64,40,41,-1,64,41,65,-1,65,41,66,-1,65,66,67,-1,67,66,68,-1,69,43,70,-1,70,43,42,-1,71,72,73,-1,73,74,71,-1,71,74,66,-1,71,66,69,-1,69,66,41,-1,69,41,43,-1,75,76,77,-1,77,76,78,-1,77,78,79,-1,79,78,80,-1,79,80,81,-1,81,80,82,-1,81,82,72,-1,72,82,83,-1,72,83,73,-1,84,18,20,-1,85,86,87,-1,20,88,84,-1,84,88,85,-1,84,85,89,-1,89,85,87,-1,90,91,92,-1,92,91,93,-1,92,93,94,-1,94,93,95,-1,94,95,96,-1,96,95,97,-1,96,97,86,-1,86,97,98,-1,86,98,87,-1,12,63,25,-1,25,63,64,-1,25,64,20,-1,20,64,65,-1,20,65,88,-1,88,65,67,-1,88,67,99,-1,99,67,68,-1,12,11,63,-1,63,11,9,-1,63,9,62,-1,62,9,60,-1,5,3,1,-1,9,7,60,-1,60,7,5,-1,60,5,61,-1,61,5,1,-1,19,18,84,-1,91,100,93,-1,93,100,101,-1,93,101,95,-1,95,101,97,-1,97,101,102,-1,97,102,98,-1,103,89,102,-1,102,89,87,-1,102,87,98,-1,19,84,21,-1,104,105,23,-1,23,22,104,-1,104,22,21,-1,104,21,103,-1,103,21,84,-1,103,84,89,-1,106,107,27,-1,27,29,106,-1,106,29,31,-1,106,31,105,-1,105,31,33,-1,105,33,23,-1,107,108,27,-1,27,108,28,-1,45,14,16,-1,28,108,30,-1,30,108,109,-1,30,109,32,-1,32,109,34,-1,34,109,110,-1,34,110,35,-1,111,26,110,-1,110,26,24,-1,110,24,35,-1,45,16,46,-1,112,113,48,-1,48,47,112,-1,112,47,46,-1,112,46,111,-1,111,46,16,-1,111,16,26,-1,114,115,51,-1,51,53,114,-1,114,53,55,-1,114,55,113,-1,113,55,57,-1,113,57,48,-1,51,115,52,-1,52,115,116,-1,70,42,44,-1,52,116,54,-1,54,116,117,-1,54,117,56,-1,56,117,58,-1,58,117,118,-1,58,118,59,-1,119,50,118,-1,118,50,49,-1,118,49,59,-1,70,44,69,-1,120,121,72,-1,72,71,120,-1,120,71,69,-1,120,69,119,-1,119,69,44,-1,119,44,50,-1,122,123,75,-1,75,77,122,-1,122,77,79,-1,122,79,121,-1,121,79,81,-1,121,81,72,-1,75,123,76,-1,76,123,124,-1,99,68,66,-1,76,124,78,-1,78,124,125,-1,78,125,80,-1,80,125,82,-1,82,125,126,-1,82,126,83,-1,127,74,126,-1,126,74,73,-1,126,73,83,-1,99,66,88,-1,128,129,86,-1,86,85,128,-1,128,85,88,-1,128,88,127,-1,127,88,66,-1,127,66,74,-1,130,131,90,-1,90,92,130,-1,130,92,94,-1,130,94,129,-1,129,94,96,-1,129,96,86,-1,91,90,100,-1,100,90,131,-1,116,115,108,-1,108,115,114,-1,100,131,123,-1,107,100,108,-1,108,100,123,-1,108,123,116,-1,116,123,122,-1,116,122,121,-1,126,125,131,-1,131,125,124,-1,131,124,123,-1,121,120,116,-1,116,120,119,-1,116,119,117,-1,117,119,118,-1,109,108,110,-1,110,108,111,-1,107,106,100,-1,100,106,105,-1,100,105,104,-1,104,103,100,-1,100,103,102,-1,100,102,101,-1,129,128,127,-1,114,113,108,-1,108,113,112,-1,108,112,111,-1,126,131,127,-1,127,131,130,-1,127,130,129,-1,
        ]
    }
}